source,frame,label,conf,x1,y1,x2,y2
sample_video.mp4,0,player,0.9145,173,303,264,473
sample_video.mp4,0,ball,0.3039,257,443,280,464
sample_video.mp4,1,player,0.9045,172,305,258,473
sample_video.mp4,1,ball,0.4841,254,434,278,458
sample_video.mp4,2,player,0.9048,170,306,258,474
sample_video.mp4,2,ball,0.4838,250,421,274,444
sample_video.mp4,3,player,0.9041,172,305,263,474
sample_video.mp4,3,ball,0.4381,246,408,271,430
sample_video.mp4,4,player,0.903,171,304,265,475
sample_video.mp4,4,ball,0.4832,241,395,268,418
sample_video.mp4,5,player,0.897,171,303,261,473
sample_video.mp4,6,player,0.8969,172,302,259,475
sample_video.mp4,7,player,0.8907,170,301,256,475
sample_video.mp4,8,player,0.8784,165,301,248,474
sample_video.mp4,9,player,0.8952,159,300,246,473
sample_video.mp4,10,player,0.9118,155,299,245,474
sample_video.mp4,11,player,0.9069,152,299,241,475
sample_video.mp4,12,player,0.9002,149,300,238,475
sample_video.mp4,13,player,0.8844,148,298,234,476
sample_video.mp4,14,player,0.8946,145,297,231,475
sample_video.mp4,15,player,0.8969,146,296,230,475
sample_video.mp4,16,player,0.9029,146,295,229,475
sample_video.mp4,17,player,0.9023,146,296,227,474
sample_video.mp4,18,player,0.8968,146,296,222,474
sample_video.mp4,19,player,0.9052,145,297,223,473
sample_video.mp4,20,player,0.907,146,298,223,472
sample_video.mp4,21,player,0.9081,146,294,222,472
sample_video.mp4,22,player,0.9011,147,295,223,471
sample_video.mp4,23,player,0.9001,147,290,220,471
sample_video.mp4,24,player,0.8946,147,286,219,472
sample_video.mp4,25,player,0.893,145,285,218,471
sample_video.mp4,26,player,0.8979,145,279,216,473
sample_video.mp4,27,player,0.8989,145,278,216,473
sample_video.mp4,28,player,0.8988,144,274,215,473
sample_video.mp4,29,player,0.8943,145,268,214,474
sample_video.mp4,30,player,0.898,146,262,213,473
sample_video.mp4,31,player,0.8982,146,251,215,472
sample_video.mp4,32,player,0.8877,148,241,215,470
sample_video.mp4,33,player,0.8467,153,227,217,469
sample_video.mp4,34,player,0.7985,154,238,219,465
sample_video.mp4,34,ball,0.5378,216,209,238,229
sample_video.mp4,35,player,0.8628,157,250,241,461
sample_video.mp4,35,ball,0.6957,231,193,253,214
sample_video.mp4,36,player,0.8592,156,251,235,460
sample_video.mp4,36,ball,0.7613,245,179,267,201
sample_video.mp4,37,player,0.8543,154,247,232,464
sample_video.mp4,37,ball,0.6443,259,167,281,189
sample_video.mp4,38,player,0.8451,157,251,228,463
sample_video.mp4,38,ball,0.616,272,158,295,178
sample_video.mp4,39,player,0.8609,159,254,232,467
sample_video.mp4,39,ball,0.671,286,148,309,168
sample_video.mp4,40,player,0.8085,159,258,230,469
sample_video.mp4,40,ball,0.3383,298,139,321,160
sample_video.mp4,40,ball,0.1655,466,360,477,372
sample_video.mp4,41,player,0.843,156,264,235,472
sample_video.mp4,41,ball,0.5916,312,132,334,152
sample_video.mp4,42,player,0.8862,156,269,235,473
sample_video.mp4,42,ball,0.5993,324,126,347,145
sample_video.mp4,43,player,0.8899,156,271,235,472
sample_video.mp4,43,ball,0.4771,337,120,359,140
sample_video.mp4,44,player,0.8981,155,271,233,473
sample_video.mp4,44,ball,0.4994,349,115,371,135
sample_video.mp4,45,player,0.8985,155,271,236,472
sample_video.mp4,45,ball,0.7268,361,113,383,133
sample_video.mp4,46,player,0.8947,154,272,232,473
sample_video.mp4,46,ball,0.7402,373,110,394,131
sample_video.mp4,47,player,0.8836,156,269,233,472
sample_video.mp4,47,ball,0.778,385,108,405,129
sample_video.mp4,48,player,0.8808,154,269,231,471
sample_video.mp4,48,ball,0.7516,396,108,417,128
sample_video.mp4,49,player,0.8678,153,268,228,472
sample_video.mp4,49,ball,0.7556,408,108,428,128
sample_video.mp4,50,player,0.8684,153,268,227,471
sample_video.mp4,50,ball,0.7043,418,109,439,129
sample_video.mp4,51,player,0.8551,152,268,226,471
sample_video.mp4,51,ball,0.6484,430,110,450,131
sample_video.mp4,52,player,0.8473,153,268,228,471
sample_video.mp4,52,ball,0.7568,441,113,460,134
sample_video.mp4,53,player,0.8438,152,267,225,471
sample_video.mp4,53,ball,0.6548,451,117,471,137
sample_video.mp4,54,player,0.8556,152,267,222,471
sample_video.mp4,54,ball,0.6761,462,120,482,141
sample_video.mp4,55,player,0.8699,151,267,219,471
sample_video.mp4,55,ball,0.6761,472,126,492,145
sample_video.mp4,56,player,0.8822,151,268,218,470
sample_video.mp4,56,ball,0.7308,483,132,502,152
sample_video.mp4,57,player,0.8895,151,268,217,470
sample_video.mp4,57,ball,0.6891,492,138,513,158
sample_video.mp4,58,player,0.8922,150,267,215,470
sample_video.mp4,58,ball,0.5481,503,146,523,165
sample_video.mp4,59,player,0.8927,150,267,215,469
sample_video.mp4,59,ball,0.4652,513,154,531,173
sample_video.mp4,60,player,0.8994,150,267,213,469
sample_video.mp4,60,ball,0.3881,523,163,542,181
sample_video.mp4,61,player,0.8994,149,270,215,470
sample_video.mp4,62,player,0.8967,148,272,217,470
sample_video.mp4,63,player,0.8969,149,271,221,471
sample_video.mp4,64,player,0.902,150,277,223,471
sample_video.mp4,65,player,0.9066,150,282,226,470
sample_video.mp4,66,player,0.9093,149,285,226,471
sample_video.mp4,67,player,0.91,151,290,228,469
sample_video.mp4,68,player,0.9068,151,292,227,469
sample_video.mp4,69,player,0.9042,151,291,227,470
sample_video.mp4,70,player,0.9143,152,296,226,471
sample_video.mp4,71,player,0.9176,152,295,230,471
sample_video.mp4,72,player,0.9168,152,294,233,469
sample_video.mp4,73,player,0.9217,152,293,235,469
sample_video.mp4,74,player,0.9236,152,294,238,469
sample_video.mp4,75,player,0.9217,152,294,240,470
sample_video.mp4,76,player,0.9207,153,293,243,470
sample_video.mp4,77,player,0.9221,153,293,247,470
sample_video.mp4,78,player,0.9209,154,295,250,470
sample_video.mp4,79,player,0.9255,155,296,253,470
sample_video.mp4,80,player,0.9287,155,297,255,470
sample_video.mp4,81,player,0.9303,156,299,256,470
sample_video.mp4,82,player,0.9288,156,298,257,469
sample_video.mp4,83,player,0.9196,157,299,255,469
sample_video.mp4,84,player,0.9224,158,298,256,468
sample_video.mp4,85,player,0.9213,157,296,256,469
sample_video.mp4,86,player,0.9217,159,297,258,468
sample_video.mp4,87,player,0.919,163,296,258,466
sample_video.mp4,88,player,0.9116,166,296,260,467
sample_video.mp4,88,ball,0.4242,551,280,573,298
sample_video.mp4,89,player,0.9058,173,293,263,465
sample_video.mp4,89,ball,0.2502,553,292,572,309
sample_video.mp4,90,player,0.9071,182,294,262,467
sample_video.mp4,90,ball,0.1982,554,302,573,322
sample_video.mp4,91,player,0.9093,188,295,268,466
sample_video.mp4,91,ball,0.1689,556,316,573,332
sample_video.mp4,92,player,0.8979,192,294,275,465
sample_video.mp4,92,ball,0.2742,556,329,575,348
sample_video.mp4,93,player,0.8866,204,294,281,463
sample_video.mp4,94,player,0.871,218,292,290,462
sample_video.mp4,94,ball,0.2905,560,362,577,378
sample_video.mp4,95,player,0.8824,229,295,293,462
sample_video.mp4,96,player,0.8714,230,297,298,463
sample_video.mp4,96,ball,0.6549,560,395,578,414
sample_video.mp4,97,player,0.8739,230,299,302,462
sample_video.mp4,97,ball,0.7821,560,414,579,432
sample_video.mp4,98,player,0.8726,228,297,302,462
sample_video.mp4,98,ball,0.7355,561,420,581,440
sample_video.mp4,99,player,0.8905,230,298,306,463
sample_video.mp4,99,ball,0.7,562,405,582,423
sample_video.mp4,100,player,0.9058,232,302,313,463
sample_video.mp4,100,ball,0.3407,564,390,585,408
