frame,object,track_id,team,conf,x1,y1,x2,y2,interpolated
27,player,1,team A,0.9476,1741,817,1816,1077,False
27,player,2,team B,0.944,1515,613,1620,901,False
27,player,3,team B,0.9378,1075,646,1219,918,False
27,player,4,team A,0.9163,613,700,808,928,False
27,player,5,team A,0.8856,709,738,861,986,False
27,player,6,team A,0.909,965,569,1093,815,False
27,player,7,team A,0.9181,923,727,1069,964,False
27,player,8,team B,0.8785,717,447,830,653,False
27,player,9,team A,0.8554,808,491,905,723,False
27,player,10,team A,0.8384,886,430,956,649,False
27,player,11,team B,0.7815,939,384,1014,549,False
28,player,1,team A,0.9499,1740,817,1815,1077,False
28,player,2,team B,0.9422,1514,611,1619,900,False
28,player,3,team B,0.9472,1098,645,1245,921,False
28,player,4,team A,0.911,610,706,800,928,False
28,player,5,team A,0.8873,688,748,839,993,False
28,player,6,team A,0.8875,971,570,1098,815,False
28,player,7,team A,0.8857,894,717,1050,971,False
28,player,8,team B,0.8957,708,443,821,650,False
28,player,9,team A,0.8642,808,490,905,723,False
28,player,10,team A,0.8488,887,430,957,649,False
28,player,11,team B,0.804,939,384,1014,549,False
29,player,1,team A,0.9536,1736,817,1811,1078,False
29,player,2,team B,0.9375,1508,603,1614,892,False
29,player,3,team B,0.9494,1145,646,1297,929,False
29,player,4,team A,0.9232,605,712,789,928,False
29,player,5,team A,0.9177,673,760,820,1000,False
29,player,6,team A,0.9497,972,570,1099,815,False
29,player,7,team A,0.938,868,732,1020,979,False
29,player,8,team B,0.9093,689,439,799,643,False
29,player,9,team A,0.8829,807,490,905,723,False
29,player,10,team A,0.8706,885,430,955,650,False
29,player,11,team B,0.8209,939,382,1015,549,False
30,player,1,team A,0.9537,1735,818,1810,1078,False
30,player,2,team B,0.9377,1507,601,1612,890,False
30,player,3,team B,0.9489,1159,647,1313,931,False
30,player,4,team A,0.9235,605,714,785,928,False
30,player,5,team A,0.9192,669,763,815,1002,False
30,player,6,team A,0.9498,972,570,1099,815,False
30,player,7,team A,0.938,861,738,1010,981,False
30,player,8,team B,0.9093,683,438,793,641,False
30,player,9,team A,0.8851,807,490,904,723,False
30,player,10,team A,0.8713,884,430,955,651,False
30,player,11,team B,0.8214,939,382,1015,549,False
31,player,1,team A,0.9532,1732,818,1808,1078,False
31,player,2,team B,0.9397,1504,593,1609,882,False
31,player,3,team B,0.9459,1192,651,1346,936,False
31,player,4,team A,0.9075,600,714,779,928,False
31,player,5,team A,0.9005,664,762,812,1003,False
31,player,6,team A,0.949,967,570,1095,815,False
31,player,7,team A,0.9374,823,743,970,982,False
31,player,8,team B,0.9125,677,439,783,639,False
31,player,9,team A,0.8875,806,492,903,723,False
31,player,10,team A,0.8749,884,430,956,652,False
31,player,11,team B,0.836,940,384,1015,549,False
32,player,1,team A,0.9533,1731,818,1808,1078,False
32,player,2,team B,0.9397,1503,590,1607,880,False
32,player,3,team B,0.9458,1203,652,1356,937,False
32,player,4,team A,0.9074,599,714,776,928,False
32,player,5,team A,0.8998,664,761,811,1003,False
32,player,6,team A,0.949,966,570,1094,815,False
32,player,7,team A,0.9375,810,744,958,983,False
32,player,8,team B,0.9125,676,439,780,639,False
32,player,9,team A,0.8877,805,493,903,723,False
32,player,10,team A,0.8746,884,430,956,652,False
32,player,11,team B,0.8361,940,385,1015,549,False
33,player,1,team A,0.9524,1730,818,1808,1078,False
33,player,2,team B,0.9388,1503,587,1608,877,False
33,player,3,team B,0.9416,1226,653,1376,937,False
33,player,4,team A,0.8779,599,713,774,928,False
33,player,5,team A,0.882,662,757,812,1002,False
33,player,6,team A,0.9465,965,571,1094,815,False
33,player,7,team A,0.9273,794,745,943,982,False
33,player,8,team B,0.903,676,440,778,639,False
33,player,9,team A,0.879,805,493,902,722,False
33,player,10,team A,0.8703,883,429,956,652,False
33,player,11,team B,0.8415,941,384,1016,549,False
34,player,1,team A,0.9546,1729,818,1808,1078,False
34,player,2,team B,0.9434,1504,586,1608,874,False
34,player,3,team B,0.953,1245,652,1393,937,False
34,player,4,team A,0.8608,602,711,775,928,False
34,player,5,team A,0.889,661,749,813,1001,False
34,player,6,team A,0.9457,966,571,1095,815,False
34,player,7,team A,0.939,779,734,933,982,False
34,player,8,team B,0.9034,676,441,775,639,False
34,player,9,team A,0.8767,805,492,901,718,False
34,player,10,team A,0.8733,883,429,957,652,False
34,player,11,team B,0.8478,941,384,1017,549,False
34,ball,,,0.6106,726,710,761,752,False
35,player,1,team A,0.9524,1728,818,1807,1078,False
35,player,2,team B,0.948,1500,586,1604,868,False
35,player,3,team B,0.9249,1278,648,1428,936,False
35,player,4,team A,0.4419,617,702,798,928,False
35,player,5,team A,0.8436,654,717,822,999,False
35,player,6,team A,0.9459,966,572,1096,815,False
35,player,7,team A,0.9054,771,743,921,986,False
35,player,8,team B,0.9026,678,438,776,638,False
35,player,9,team A,0.8843,802,489,896,713,False
35,player,10,team A,0.8623,885,430,959,652,False
35,player,11,team B,0.8411,942,383,1018,550,False
35,ball,,,0.0,748,692,783,732,True
36,player,1,team A,0.9523,1727,818,1808,1078,False
36,player,2,team B,0.948,1498,586,1604,866,False
36,player,3,team B,0.926,1289,647,1440,936,False
36,player,4,team A,0.4408,623,699,806,928,False
36,player,5,team A,0.8439,653,705,824,999,False
36,player,6,team A,0.9456,966,572,1096,815,False
36,player,7,team A,0.9055,770,746,917,987,False
36,player,8,team B,0.9026,680,437,776,638,False
36,player,9,team A,0.8844,801,488,894,711,False
36,player,10,team A,0.8627,885,430,959,652,False
36,player,11,team B,0.8413,942,383,1018,550,False
36,ball,,,0.0,771,674,805,713,True
37,player,1,team A,0.9483,1726,819,1808,1078,False
37,player,2,team B,0.952,1493,588,1600,864,False
37,player,3,team B,0.9465,1308,645,1461,935,False
37,player,4,team A,0.4283,623,688,815,929,False
37,player,5,team A,0.8353,652,690,827,995,False
37,player,6,team A,0.9431,969,573,1099,815,False
37,player,7,team A,0.871,765,745,914,991,False
37,player,8,team B,0.8969,682,434,777,637,False
37,player,9,team A,0.883,798,486,889,706,False
37,player,10,team A,0.8517,886,431,961,651,False
37,player,11,team B,0.8418,943,383,1019,550,False
37,ball,,,0.0,793,656,827,693,True
38,player,1,team A,0.95,1725,819,1807,1078,False
38,player,2,team B,0.9296,1495,598,1600,858,False
38,player,3,team B,0.9304,1339,645,1491,925,False
38,player,4,team A,0.5026,629,662,833,922,False
38,player,5,team A,0.6617,662,663,842,985,False
38,player,6,team A,0.9307,981,575,1114,814,False
38,player,7,team A,0.8144,760,740,908,994,False
38,player,8,team B,0.8808,689,431,781,630,False
38,player,9,team A,0.884,791,482,880,700,False
38,player,10,team A,0.8408,888,431,962,651,False
38,player,11,team B,0.8246,943,383,1019,549,False
38,ball,,,0.0,815,637,850,673,True
39,player,1,team A,0.9494,1724,820,1808,1078,False
39,player,2,team B,0.9278,1495,601,1601,855,False
39,player,3,team B,0.9286,1348,645,1502,922,False
39,player,4,team A,0.4958,632,652,839,920,False
39,player,5,team A,0.6565,667,652,847,982,False
39,player,6,team A,0.9277,983,575,1120,813,False
39,player,7,team A,0.8195,759,738,905,995,False
39,player,8,team B,0.8818,693,430,782,627,False
39,player,9,team A,0.8846,789,481,876,697,False
39,player,10,team A,0.8421,888,432,963,651,False
39,player,11,team B,0.8277,944,384,1019,549,False
39,ball,,,0.0,837,619,872,653,True
40,player,1,team A,0.9472,1723,821,1807,1078,False
40,player,2,team B,0.8901,1495,605,1603,853,False
40,player,3,team B,0.9145,1355,645,1510,919,False
40,player,5,team A,0.587,659,631,845,978,False
40,player,6,team A,0.9301,986,576,1127,813,False
40,player,7,team A,0.7589,758,736,902,995,False
40,player,8,team B,0.8654,698,428,786,621,False
40,player,9,team A,0.8201,788,480,869,684,False
40,player,10,team A,0.8335,889,432,963,651,False
40,player,11,team B,0.8259,944,383,1020,549,False
40,ball,,,0.0,860,601,894,634,True
41,player,1,team A,0.9498,1722,823,1806,1078,False
41,player,2,team B,0.8144,1494,607,1604,850,False
41,player,3,team B,0.8254,1376,642,1532,918,False
41,player,5,team A,0.7445,681,661,850,981,False
41,player,6,team A,0.9408,992,574,1140,815,False
41,player,7,team A,0.8065,756,732,897,997,False
41,player,8,team B,0.8831,700,421,788,618,False
41,player,9,team A,0.8799,779,479,862,690,False
41,player,10,team A,0.8335,889,432,963,652,False
41,player,11,team B,0.8231,945,384,1020,549,False
41,ball,,,0.1156,882,583,916,614,False
42,player,1,team A,0.95,1721,824,1806,1078,False
42,player,2,team B,0.811,1493,608,1605,849,False
42,player,3,team B,0.8248,1383,642,1539,917,False
42,player,5,team A,0.7423,692,674,851,983,False
42,player,6,team A,0.9397,992,573,1147,815,False
42,player,7,team A,0.8053,756,731,894,998,False
42,player,8,team B,0.8827,701,418,789,616,False
42,player,9,team A,0.8784,775,478,860,692,False
42,player,10,team A,0.8318,888,432,963,652,False
42,player,11,team B,0.8206,946,384,1021,549,False
42,ball,,,0.1207,882,583,915,612,False
43,player,1,team A,0.9497,1720,825,1805,1078,False
43,player,2,team B,0.4704,1481,607,1597,848,False
43,player,3,team B,0.6613,1408,638,1564,915,False
43,player,5,team A,0.8161,702,680,857,987,False
43,player,6,team A,0.9449,991,571,1151,815,False
43,player,7,team A,0.6761,756,730,892,1003,False
43,player,8,team B,0.8906,701,413,789,615,False
43,player,9,team A,0.8943,770,478,855,694,False
43,player,10,team A,0.8421,890,432,965,651,False
43,player,11,team B,0.8376,946,383,1021,549,False
43,ball,,,0.3478,925,575,961,603,False
44,player,1,team A,0.9496,1715,827,1801,1078,False
44,player,2,team B,0.8795,1488,625,1616,888,False
44,player,3,team B,0.7743,1407,614,1548,875,False
44,player,5,team A,0.7872,704,687,859,1000,False
44,player,6,team A,0.9355,992,565,1158,815,False
44,player,7,team A,0.5441,740,733,874,1006,False
44,player,8,team B,0.9023,700,407,789,611,False
44,player,9,team A,0.9106,763,478,849,696,False
44,player,10,team A,0.8635,891,432,966,652,False
45,player,1,team A,0.9497,1713,827,1800,1078,False
45,player,2,team B,0.8748,1491,631,1623,902,False
45,player,3,team B,0.7499,1407,604,1540,859,False
45,player,5,team A,0.7839,705,690,858,1004,False
45,player,6,team A,0.9367,991,563,1161,816,False
45,player,7,team A,0.5749,735,734,868,1007,False
45,player,8,team B,0.9022,700,404,788,610,False
45,player,9,team A,0.9105,760,478,846,696,False
45,player,10,team A,0.8631,891,432,967,653,False
45,player,14,team A,0.8677,848,679,960,890,False
45,player,15,team B,0.4121,785,734,863,1006,False
46,player,1,team A,0.9475,1708,829,1796,1078,False
46,player,2,team B,0.9417,1508,633,1644,908,False
46,player,3,team B,0.7726,1417,600,1534,834,False
46,player,5,team A,0.8489,688,698,840,1021,False
46,player,6,team A,0.9487,1006,558,1176,815,False
46,player,8,team B,0.906,700,403,786,608,False
46,player,9,team A,0.9041,758,479,845,697,False
46,player,10,team A,0.8728,892,432,968,653,False
46,player,14,team A,0.9259,861,674,977,892,False
46,player,15,team B,0.8334,781,734,858,1006,False
46,player,11,team B,0.8519,947,384,1022,549,False
47,player,1,team A,0.9477,1705,830,1795,1078,False
47,player,2,team B,0.9421,1515,633,1652,910,False
47,player,3,team B,0.7601,1420,599,1530,824,False
47,player,5,team A,0.8489,682,702,832,1027,False
47,player,6,team A,0.9487,1012,556,1180,815,False
47,player,8,team B,0.9062,701,403,785,607,False
47,player,9,team A,0.9038,757,479,844,697,False
47,player,10,team A,0.8722,892,432,968,653,False
47,player,14,team A,0.9256,865,673,983,892,False
47,player,15,team B,0.8334,779,734,856,1006,False
47,player,11,team B,0.8512,947,384,1022,549,False
48,player,1,team A,0.9509,1699,830,1792,1078,False
48,player,2,team B,0.9544,1521,634,1658,908,False
48,player,3,team B,0.9219,1406,601,1521,845,False
48,player,5,team A,0.8473,677,716,819,1032,False
48,player,6,team A,0.9446,1034,554,1194,811,False
48,player,8,team B,0.8912,700,405,783,607,False
48,player,9,team A,0.8982,756,480,843,695,False
48,player,10,team A,0.8784,893,432,970,653,False
48,player,14,team A,0.9373,871,669,995,897,False
48,player,15,team B,0.8837,775,732,852,1006,False
48,player,11,team B,0.833,947,384,1022,549,False
49,player,1,team A,0.951,1697,830,1791,1078,False
49,player,2,team B,0.9544,1524,634,1661,907,False
49,player,3,team B,0.9226,1402,602,1516,852,False
49,player,5,team A,0.8479,676,722,813,1034,False
49,player,6,team A,0.9448,1044,553,1197,809,False
49,player,8,team B,0.8917,700,406,782,607,False
49,player,9,team A,0.8988,756,480,843,694,False
49,player,10,team A,0.8782,893,432,970,653,False
49,player,14,team A,0.9373,872,667,1000,899,False
49,player,15,team B,0.884,773,732,851,1006,False
49,player,11,team B,0.8323,947,384,1022,549,False
50,player,1,team A,0.9426,1693,831,1789,1078,False
50,player,2,team B,0.9427,1530,634,1665,903,False
50,player,3,team B,0.8978,1393,605,1506,859,False
50,player,5,team A,0.786,678,729,811,1035,False
50,player,6,team A,0.9386,1056,554,1204,810,False
50,player,8,team B,0.8916,701,408,780,607,False
50,player,9,team A,0.9,756,480,843,690,False
50,player,10,team A,0.882,894,432,971,653,False
50,player,14,team A,0.919,868,666,1000,900,False
50,player,15,team B,0.8126,773,731,851,1005,False
50,player,11,team B,0.8398,947,384,1022,549,False
51,player,1,team A,0.9494,1687,831,1785,1078,False
51,player,2,team B,0.9472,1550,635,1684,897,False
51,player,3,team B,0.9414,1362,612,1477,869,False
51,player,5,team A,0.7428,677,736,805,1035,False
51,player,6,team A,0.946,1071,558,1214,813,False
51,player,8,team B,0.892,702,409,778,603,False
51,player,9,team A,0.9053,754,478,840,687,False
51,player,10,team A,0.8955,894,432,972,653,False
51,player,14,team A,0.938,893,663,1027,900,False
51,player,15,team B,0.7002,754,727,835,1004,False
51,player,11,team B,0.8389,947,383,1022,549,False
52,player,1,team A,0.9491,1684,831,1784,1078,False
52,player,2,team B,0.9461,1556,635,1691,894,False
52,player,3,team B,0.9406,1350,615,1467,873,False
52,player,5,team A,0.7672,676,738,803,1035,False
52,player,6,team A,0.9458,1077,559,1216,814,False
52,player,8,team B,0.8928,702,410,777,602,False
52,player,9,team A,0.9054,753,477,839,686,False
52,player,10,team A,0.8962,894,431,972,653,False
52,player,14,team A,0.9375,903,662,1036,900,False
52,player,15,team B,0.7085,747,726,830,1004,False
52,player,11,team B,0.8418,947,383,1022,549,False
53,player,1,team A,0.948,1678,831,1781,1078,False
53,player,2,team B,0.9464,1567,635,1701,892,False
53,player,3,team B,0.9268,1336,624,1451,874,False
53,player,5,team A,0.722,693,729,818,1012,False
53,player,6,team A,0.9551,1097,562,1237,815,False
53,player,8,team B,0.8886,704,409,777,597,False
53,player,9,team A,0.8824,748,474,834,686,False
53,player,10,team A,0.8834,895,433,973,653,False
53,player,14,team A,0.9226,938,656,1072,900,False
53,player,15,team B,0.6127,740,728,832,1024,False
53,player,11,team B,0.8405,948,384,1022,549,False
54,player,1,team A,0.9482,1676,831,1780,1078,False
54,player,2,team B,0.9466,1570,635,1705,891,False
54,player,3,team B,0.9273,1331,627,1446,874,False
54,player,5,team A,0.7239,698,725,825,1003,False
54,player,6,team A,0.9552,1104,564,1245,815,False
54,player,8,team B,0.8892,705,409,777,595,False
54,player,9,team A,0.8826,747,473,832,686,False
54,player,10,team A,0.8837,895,434,974,653,False
54,player,14,team A,0.9226,953,654,1085,900,False
54,player,15,team B,0.6123,737,729,833,1032,False
54,player,11,team B,0.8405,948,384,1022,549,False
55,player,1,team A,0.9493,1671,832,1778,1078,False
55,player,2,team B,0.9455,1580,632,1715,891,False
55,player,3,team B,0.9259,1324,630,1438,874,False
55,player,5,team A,0.5959,691,722,820,1001,False
55,player,6,team A,0.9539,1115,564,1260,814,False
55,player,8,team B,0.8783,703,397,777,590,False
55,player,9,team A,0.8671,743,470,828,685,False
55,player,10,team A,0.8911,895,434,975,652,False
55,player,14,team A,0.9292,968,644,1102,899,False
55,player,15,team B,0.6425,728,730,824,1033,False
55,player,11,team B,0.8553,947,383,1022,549,False
56,player,1,team A,0.9493,1668,832,1777,1078,False
56,player,2,team B,0.9455,1583,631,1717,890,False
56,player,3,team B,0.9259,1321,631,1435,874,False
56,player,5,team A,0.5959,688,721,818,1000,False
56,player,6,team A,0.9539,1117,564,1267,814,False
56,player,8,team B,0.8783,703,393,778,588,False
56,player,9,team A,0.8672,743,469,826,685,False
56,player,10,team A,0.8912,895,433,975,652,False
56,player,14,team A,0.9292,974,640,1107,898,False
56,player,15,team B,0.6427,725,730,821,1033,False
56,player,11,team B,0.8553,946,382,1021,549,False
57,player,1,team A,0.947,1665,832,1776,1078,False
57,player,2,team B,0.9388,1584,626,1718,890,False
57,player,3,team B,0.9335,1318,631,1432,874,False
57,player,5,team A,0.5906,685,718,817,1000,False
57,player,6,team A,0.9488,1120,562,1275,814,False
57,player,8,team B,0.8848,701,387,778,586,False
57,player,9,team A,0.8764,741,467,824,685,False
57,player,10,team A,0.8794,895,432,975,651,False
57,player,14,team A,0.9172,991,635,1125,896,False
57,player,15,team B,0.688,722,729,819,1033,False
57,player,11,team B,0.8415,945,381,1020,549,False
58,player,1,team A,0.9531,1663,832,1775,1078,False
58,player,2,team B,0.9405,1591,608,1727,884,False
58,player,3,team B,0.9366,1316,632,1429,874,False
58,player,5,team A,0.5569,667,714,795,996,False
58,player,6,team A,0.943,1138,558,1290,801,False
58,player,8,team B,0.8874,704,382,781,582,False
58,player,9,team A,0.879,741,466,822,685,False
58,player,10,team A,0.855,897,430,978,651,False
58,player,14,team A,0.9247,1029,628,1158,883,False
58,player,15,team B,0.8171,719,729,815,1033,False
58,player,11,team B,0.845,943,379,1019,549,False
59,player,1,team A,0.9532,1662,832,1776,1078,False
59,player,2,team B,0.9406,1595,602,1729,882,False
59,player,3,team B,0.9363,1315,631,1428,874,False
59,player,5,team A,0.5622,661,712,785,995,False
59,player,6,team A,0.9441,1144,557,1295,795,False
59,player,8,team B,0.8871,706,381,783,581,False
59,player,9,team A,0.8789,741,465,821,685,False
59,player,10,team A,0.8549,897,429,980,651,False
59,player,14,team A,0.925,1043,626,1170,878,False
59,player,15,team B,0.8168,718,729,814,1033,False
59,player,11,team B,0.8441,943,379,1019,549,False
60,player,1,team A,0.9537,1661,833,1776,1078,False
60,player,2,team B,0.9172,1603,582,1741,879,False
60,player,3,team B,0.9364,1313,631,1425,874,False
60,player,5,team A,0.875,658,710,779,995,False
60,player,6,team A,0.9293,1158,556,1308,794,False
60,player,8,team B,0.887,708,381,785,581,False
60,player,9,team A,0.8792,739,464,818,684,False
60,player,10,team A,0.8502,899,429,981,650,False
60,player,14,team A,0.8997,1077,626,1199,870,False
60,player,15,team B,0.9079,715,733,810,1034,False
60,player,11,team B,0.8418,941,378,1017,549,False
60,ball,,,0.79,1616,547,1650,585,False
61,player,1,team A,0.9535,1661,833,1776,1078,False
61,player,2,team B,0.9173,1608,575,1744,878,False
61,player,3,team B,0.9365,1312,631,1424,874,False
61,player,5,team A,0.8749,658,709,776,995,False
61,player,6,team A,0.9293,1163,555,1312,794,False
61,player,8,team B,0.8868,709,382,786,580,False
61,player,9,team A,0.8792,739,464,816,684,False
61,player,10,team A,0.8502,900,429,981,649,False
61,player,14,team A,0.8998,1090,626,1208,867,False
61,player,15,team B,0.9077,715,734,808,1034,False
61,player,11,team B,0.8423,940,378,1017,549,False
61,ball,,,0.7887,1616,547,1650,585,False
62,player,1,team A,0.9468,1659,833,1775,1078,False
62,player,2,team B,0.9309,1616,563,1754,876,False
62,player,3,team B,0.9368,1310,631,1421,874,False
62,player,5,team A,0.8768,657,708,773,995,False
62,player,6,team A,0.9302,1174,554,1319,793,False
62,player,8,team B,0.8547,709,382,787,581,False
62,player,9,team A,0.8658,737,463,813,685,False
62,player,10,team A,0.8382,899,428,981,649,False
62,player,14,team A,0.9086,1101,626,1219,868,False
62,player,15,team B,0.8917,714,736,807,1034,False
62,player,11,team B,0.7765,939,380,1015,549,False
62,ball,,,0.6476,1643,557,1676,594,False
63,player,1,team A,0.9467,1658,833,1774,1078,False
63,player,2,team B,0.9287,1625,563,1760,873,False
63,player,3,team B,0.9351,1307,629,1419,874,False
63,player,5,team A,0.8831,655,708,768,995,False
63,player,6,team A,0.9273,1190,553,1330,792,False
63,player,8,team B,0.8291,708,384,786,581,False
63,player,9,team A,0.8465,735,462,811,684,False
63,player,10,team A,0.8481,899,427,979,645,False
63,player,14,team A,0.9293,1113,626,1228,867,False
63,player,15,team B,0.89,712,737,805,1033,False
63,player,11,team B,0.8047,937,378,1013,548,False
63,ball,,,0.8995,1652,561,1687,596,False
64,player,1,team A,0.9462,1655,832,1771,1078,False
64,player,2,team B,0.9214,1636,572,1759,854,False
64,player,3,team B,0.9153,1302,626,1413,874,False
64,player,5,team A,0.8725,651,708,761,994,False
64,player,6,team A,0.8985,1199,554,1340,802,False
64,player,8,team B,0.8539,706,384,784,581,False
64,player,9,team A,0.841,731,459,805,683,False
64,player,10,team A,0.8039,897,427,976,645,False
64,player,14,team A,0.8855,1138,628,1256,872,False
64,player,15,team B,0.8951,707,737,800,1033,False
64,player,11,team B,0.7937,932,378,1007,547,False
64,ball,,,0.9303,1666,579,1700,614,False
65,player,1,team A,0.9461,1654,832,1769,1078,False
65,player,2,team B,0.9215,1639,576,1758,846,False
65,player,3,team B,0.9149,1300,626,1411,874,False
65,player,5,team A,0.8711,650,708,757,994,False
65,player,6,team A,0.8994,1203,554,1342,806,False
65,player,8,team B,0.8569,705,385,783,581,False
65,player,9,team A,0.843,729,458,803,683,False
65,player,10,team A,0.8033,897,427,975,644,False
65,player,14,team A,0.8844,1147,629,1267,873,False
65,player,15,team B,0.8944,706,738,798,1032,False
65,player,11,team B,0.7968,930,378,1005,547,False
65,ball,,,0.9182,1666,579,1701,614,False
66,player,1,team A,0.9392,1650,832,1765,1078,False
66,player,2,team B,0.9342,1638,579,1763,862,False
66,player,3,team B,0.8817,1281,623,1396,874,False
66,player,5,team A,0.8733,646,708,751,995,False
66,player,6,team A,0.7319,1201,558,1335,810,False
66,player,8,team B,0.8311,704,386,780,576,False
66,player,9,team A,0.8185,724,457,797,684,False
66,player,10,team A,0.8092,892,426,971,648,False
66,player,14,team A,0.8386,1156,631,1274,874,False
66,player,15,team B,0.8909,703,737,797,1032,False
66,player,11,team B,0.7563,924,381,999,548,False
66,ball,,,0.6917,1673,603,1705,638,False
67,player,1,team A,0.9393,1649,832,1763,1078,False
67,player,2,team B,0.9342,1637,580,1765,868,False
67,player,3,team B,0.8825,1274,622,1391,874,False
67,player,5,team A,0.8733,645,708,748,995,False
67,player,6,team A,0.7317,1202,560,1331,812,False
67,player,8,team B,0.8312,703,387,779,574,False
67,player,9,team A,0.8187,722,457,795,685,False
67,player,10,team A,0.8087,890,426,969,649,False
67,player,14,team A,0.8379,1159,632,1276,874,False
67,player,15,team B,0.891,702,737,796,1032,False
67,player,11,team B,0.7562,922,382,996,549,False
67,ball,,,0.6921,1673,603,1705,638,False
68,player,1,team A,0.9368,1647,831,1761,1078,False
68,player,2,team B,0.9429,1638,583,1767,874,False
68,player,3,team B,0.8513,1265,620,1386,874,False
68,player,5,team A,0.8934,643,707,744,993,False
68,player,6,team A,0.4734,1205,563,1329,812,False
68,player,8,team B,0.8368,702,386,779,574,False
68,player,9,team A,0.8355,720,456,792,685,False
68,player,10,team A,0.8007,888,427,966,650,False
68,player,14,team A,0.7572,1162,625,1280,874,False
68,player,15,team B,0.9055,702,736,797,1032,False
68,player,11,team B,0.7399,918,378,993,548,False
68,ball,,,0.2693,1675,617,1706,653,False
69,player,1,team A,0.9429,1643,831,1757,1078,False
69,player,2,team B,0.9429,1640,592,1768,881,False
69,player,3,team B,0.6536,1242,612,1372,874,False
69,player,5,team A,0.882,639,705,738,988,False
69,player,6,team A,0.5904,1234,571,1354,799,False
69,player,8,team B,0.7665,702,380,780,571,False
69,player,9,team A,0.8128,716,455,788,685,False
69,player,10,team A,0.7996,884,429,962,649,False
69,player,14,team A,0.589,1179,626,1297,873,False
69,player,15,team B,0.913,702,735,798,1033,False
69,player,11,team B,0.7127,911,377,987,548,False
69,ball,,,0.9331,1669,643,1706,682,False
70,player,1,team A,0.943,1642,830,1755,1078,False
70,player,2,team B,0.9425,1640,595,1768,884,False
70,player,3,team B,0.6554,1231,604,1369,874,False
70,player,5,team A,0.8816,638,704,736,986,False
70,player,6,team A,0.5661,1244,574,1365,795,False
70,player,8,team B,0.7673,703,378,781,570,False
70,player,9,team A,0.8114,715,455,786,685,False
70,player,10,team A,0.799,883,429,960,649,False
70,player,14,team A,0.6054,1184,627,1303,872,False
70,player,15,team B,0.9124,702,735,799,1033,False
70,player,11,team B,0.7174,909,377,985,548,False
70,ball,,,0.9439,1669,644,1706,682,False
71,player,1,team A,0.9412,1641,830,1752,1078,False
71,player,2,team B,0.9407,1641,601,1767,886,False
71,player,3,team B,0.4834,1255,649,1372,874,False
71,player,5,team A,0.899,637,702,734,984,False
71,player,6,team A,0.622,1247,579,1371,798,False
71,player,9,team A,0.8184,714,456,783,682,False
71,player,10,team A,0.8161,882,428,958,649,False
71,player,14,team A,0.7798,1187,623,1310,872,False
71,player,15,team B,0.9182,703,735,800,1034,False
71,player,11,team B,0.7166,906,376,982,548,False
71,ball,,,0.8092,1669,661,1707,701,False
72,player,1,team A,0.9452,1636,830,1746,1078,False
72,player,2,team B,0.9366,1644,612,1764,884,False
72,player,3,team B,0.7085,1244,606,1379,872,False
72,player,5,team A,0.9039,632,697,729,979,False
72,player,6,team A,0.5338,1257,584,1376,793,False
72,player,9,team A,0.8308,711,453,779,678,False
72,player,10,team A,0.7715,881,430,958,650,False
72,player,14,team A,0.7546,1177,614,1306,871,False
72,player,15,team B,0.9266,706,734,802,1032,False
72,player,11,team B,0.66,899,376,976,548,False
72,ball,,,0.8061,1666,699,1704,733,False
73,player,1,team A,0.9444,1634,830,1743,1078,False
73,player,2,team B,0.9351,1646,616,1762,884,False
73,player,3,team B,0.7156,1241,592,1380,871,False
73,player,5,team A,0.9027,630,695,727,977,False
73,player,6,team A,0.5192,1260,586,1378,790,False
73,player,9,team A,0.8319,710,453,777,677,False
73,player,10,team A,0.7708,880,431,958,650,False
73,player,14,team A,0.7358,1173,611,1306,871,False
73,player,15,team B,0.9255,708,734,803,1031,False
73,player,11,team B,0.6612,897,376,973,548,False
73,ball,,,0.8318,1666,699,1704,733,False
74,player,1,team A,0.9433,1630,830,1738,1078,False
74,player,2,team B,0.9321,1643,621,1758,884,False
74,player,5,team A,0.9121,626,688,724,970,False
74,player,6,team A,0.545,1262,585,1381,789,False
74,player,9,team A,0.8333,706,451,772,675,False
74,player,10,team A,0.7668,875,436,952,650,False
74,player,14,team A,0.7429,1188,599,1329,871,False
74,player,15,team B,0.9182,705,734,800,1035,False
74,player,11,team B,0.7113,891,375,967,547,False
74,ball,,,0.7985,1657,720,1692,753,False
75,player,1,team A,0.9433,1629,830,1736,1078,False
75,player,2,team B,0.9321,1642,623,1756,883,False
75,player,5,team A,0.9121,625,685,722,968,False
75,player,6,team A,0.5448,1263,585,1381,789,False
75,player,9,team A,0.8332,704,450,770,674,False
75,player,10,team A,0.7645,873,437,950,650,False
75,player,14,team A,0.7426,1193,595,1338,870,False
75,player,15,team B,0.9183,705,733,799,1036,False
75,player,11,team B,0.7098,889,375,965,547,False
75,ball,,,0.7982,1657,720,1692,753,False
76,player,1,team A,0.9416,1624,830,1731,1078,False
76,player,2,team B,0.9364,1637,625,1749,882,False
76,player,5,team A,0.9218,623,682,719,961,False
76,player,9,team A,0.7609,702,451,767,672,False
76,player,10,team A,0.8054,867,438,945,650,False
76,player,14,team A,0.7097,1180,593,1319,861,False
76,player,15,team B,0.9023,704,733,798,1038,False
76,player,11,team B,0.7024,882,376,959,548,False
76,player,3,team B,0.6266,1230,581,1357,828,False
76,ball,,,0.7315,1646,728,1681,763,False
77,player,1,team A,0.9412,1622,830,1729,1078,False
77,player,2,team B,0.9361,1635,625,1746,881,False
77,player,5,team A,0.9216,623,680,719,958,False
77,player,9,team A,0.7598,701,451,766,671,False
77,player,10,team A,0.8048,865,438,943,650,False
77,player,14,team A,0.7079,1175,592,1311,857,False
77,player,15,team B,0.9021,704,733,798,1039,False
77,player,11,team B,0.7027,880,376,957,548,False
77,player,3,team B,0.6221,1228,580,1354,821,False
77,ball,,,0.7313,1646,728,1681,763,False
78,player,1,team A,0.9422,1618,830,1725,1078,False
78,player,2,team B,0.9229,1631,624,1742,879,False
78,player,5,team A,0.92,624,680,718,952,False
78,player,9,team A,0.8225,698,454,762,670,False
78,player,10,team A,0.8174,863,439,941,651,False
78,player,14,team A,0.5426,1184,593,1314,851,False
78,player,15,team B,0.9158,709,734,805,1040,False
78,player,11,team B,0.6285,877,378,953,548,False
78,player,8,team B,0.7385,700,368,778,558,False
78,player,6,team A,0.4203,1257,575,1378,789,False
78,ball,,,0.6042,1639,731,1674,766,False
79,player,1,team A,0.9422,1617,829,1723,1078,False
79,player,2,team B,0.9227,1629,623,1740,879,False
79,player,5,team A,0.9199,624,680,718,950,False
79,player,9,team A,0.8222,697,455,760,669,False
79,player,10,team A,0.8172,862,440,941,651,False
79,player,14,team A,0.5395,1187,593,1314,848,False
79,player,15,team B,0.9163,711,735,808,1040,False
79,player,11,team B,0.6294,876,379,953,548,False
79,player,16,team B,0.6497,1160,594,1277,796,False
79,player,8,team B,0.7387,700,368,778,558,False
79,player,6,team A,0.4159,1257,573,1375,789,False
79,ball,,,0.6063,1639,731,1674,766,False
80,player,1,team A,0.9436,1614,829,1720,1078,False
80,player,2,team B,0.9186,1625,620,1737,878,False
80,player,5,team A,0.9168,627,682,720,949,False
80,player,9,team A,0.8348,696,457,759,669,False
80,player,10,team A,0.7983,860,437,941,650,False
80,player,14,team A,0.792,1198,603,1326,853,False
80,player,15,team B,0.9334,712,736,811,1041,False
80,player,11,team B,0.6253,872,380,949,547,False
80,player,16,team B,0.8127,1151,595,1282,819,False
80,player,3,team B,0.813,1226,565,1347,791,False
80,ball,,,0.8869,1635,728,1668,764,False
81,player,1,team A,0.9436,1613,829,1719,1078,False
81,player,2,team B,0.9191,1624,619,1736,878,False
81,player,5,team A,0.9166,628,683,721,949,False
81,player,9,team A,0.834,695,457,758,669,False
81,player,10,team A,0.7978,859,435,941,650,False
81,player,14,team A,0.7919,1202,607,1331,855,False
81,player,15,team B,0.9335,713,736,812,1041,False
81,player,11,team B,0.6249,870,380,948,546,False
81,player,16,team B,0.8126,1148,596,1284,827,False
81,player,3,team B,0.8137,1226,563,1348,788,False
81,ball,,,0.8867,1635,728,1668,764,False
82,player,1,team A,0.9433,1611,829,1718,1078,False
82,player,2,team B,0.9122,1621,617,1733,879,False
82,player,5,team A,0.9165,633,688,724,950,False
82,player,9,team A,0.8268,695,460,758,669,False
82,player,10,team A,0.8032,860,431,944,649,False
82,player,14,team A,0.8781,1209,617,1339,856,False
82,player,15,team B,0.9278,711,738,812,1042,False
82,player,16,team B,0.7706,1142,596,1278,827,False
82,ball,,,0.875,1631,725,1663,762,False
83,player,1,team A,0.9433,1611,829,1717,1078,False
83,player,2,team B,0.9122,1620,616,1732,880,False
83,player,5,team A,0.9164,635,690,726,950,False
83,player,9,team A,0.827,695,461,758,669,False
83,player,10,team A,0.8035,860,429,945,649,False
83,player,14,team A,0.8785,1210,621,1343,856,False
83,player,15,team B,0.9278,710,739,813,1042,False
83,player,16,team B,0.7705,1139,596,1277,827,False
83,ball,,,0.8747,1631,725,1663,762,False
84,player,1,team A,0.9401,1610,829,1717,1078,False
84,player,2,team B,0.9073,1618,615,1729,880,False
84,player,5,team A,0.9116,636,692,727,951,False
84,player,9,team A,0.826,697,462,759,669,False
84,player,10,team A,0.8042,863,430,947,648,False
84,player,14,team A,0.9113,1210,623,1346,855,False
84,player,15,team B,0.9251,710,739,813,1042,False
84,player,16,team B,0.7738,1137,597,1280,834,False
84,player,11,team B,0.7405,862,381,940,546,False
84,player,3,team B,0.5648,1180,553,1317,816,False
84,ball,,,0.9026,1629,725,1659,762,False
85,player,1,team A,0.9408,1610,829,1717,1078,False
85,player,2,team B,0.9075,1615,616,1724,879,False
85,player,5,team A,0.9162,639,695,729,951,False
85,player,9,team A,0.8026,699,462,761,670,False
85,player,10,team A,0.7877,868,428,951,646,False
85,player,14,team A,0.9041,1206,619,1348,854,False
85,player,15,team B,0.9309,709,739,814,1042,False
85,player,16,team B,0.823,1106,596,1254,845,False
85,ball,,,0.7914,1623,724,1654,762,False
86,player,1,team A,0.9408,1610,829,1718,1078,False
86,player,2,team B,0.9074,1614,616,1722,879,False
86,player,5,team A,0.9162,640,696,730,951,False
86,player,9,team A,0.8022,699,462,762,670,False
86,player,10,team A,0.7874,870,427,953,645,False
86,player,14,team A,0.9039,1203,617,1349,854,False
86,player,15,team B,0.931,709,739,814,1042,False
86,player,16,team B,0.8282,1095,596,1244,848,False
86,player,17,team A,0.532,1178,547,1255,710,False
86,ball,,,0.7918,1623,724,1654,762,False
87,player,1,team A,0.9428,1611,829,1718,1078,False
87,player,2,team B,0.8702,1613,618,1718,875,False
87,player,5,team A,0.9217,642,696,732,951,False
87,player,9,team A,0.8217,701,463,764,670,False
87,player,10,team A,0.7919,872,426,955,645,False
87,player,14,team A,0.9259,1201,614,1350,852,False
87,player,15,team B,0.9324,708,739,815,1042,False
87,player,16,team B,0.8667,1089,596,1238,849,False
87,player,17,team A,0.5789,1178,546,1266,733,False
87,ball,,,0.6428,1618,726,1650,762,False
88,player,1,team A,0.9453,1611,829,1718,1078,False
88,player,2,team B,0.8714,1612,620,1715,877,False
88,player,5,team A,0.9297,645,699,734,951,False
88,player,9,team A,0.8622,702,464,765,671,False
88,player,10,team A,0.7286,876,422,961,647,False
88,player,14,team A,0.9393,1202,609,1355,850,False
88,player,15,team B,0.9413,712,739,818,1043,False
88,player,16,team B,0.8766,1079,593,1228,849,False
88,player,17,team A,0.8617,1159,544,1256,752,False
88,player,11,team B,0.6782,867,385,948,547,False
88,ball,,,0.6699,1601,724,1638,761,False
89,player,1,team A,0.9456,1611,828,1719,1078,False
89,player,2,team B,0.8728,1611,621,1714,878,False
89,player,5,team A,0.9295,647,700,735,951,False
89,player,9,team A,0.8612,702,464,766,671,False
89,player,10,team A,0.7202,877,421,963,647,False
89,player,14,team A,0.9393,1202,607,1357,849,False
89,player,15,team B,0.9419,713,739,820,1043,False
89,player,16,team B,0.8726,1075,592,1224,849,False
89,player,17,team A,0.8581,1151,544,1251,759,False
89,player,11,team B,0.6857,867,386,951,548,False
89,ball,,,0.6509,1601,724,1638,761,False
90,player,1,team A,0.9458,1612,829,1719,1078,False
90,player,2,team B,0.7535,1602,622,1706,878,False
90,player,5,team A,0.9292,648,701,737,951,False
90,player,9,team A,0.8564,703,463,767,671,False
90,player,10,team A,0.6884,879,423,965,647,False
90,player,14,team A,0.9535,1211,604,1365,848,False
90,player,15,team B,0.943,716,738,824,1043,False
90,player,16,team B,0.8738,1073,588,1222,848,False
90,player,17,team A,0.8722,1142,544,1250,778,False
90,player,11,team B,0.6752,868,386,957,548,False
90,ball,,,0.632,1588,719,1622,755,False
91,player,1,team A,0.9464,1612,830,1719,1078,False
91,player,2,team B,0.8942,1592,623,1698,878,False
91,player,5,team A,0.9132,650,701,739,950,False
91,player,9,team A,0.8499,704,463,768,671,False
91,player,10,team A,0.7774,881,424,966,647,False
91,player,14,team A,0.9493,1244,602,1403,846,False
91,player,15,team B,0.9458,720,738,829,1043,False
91,player,16,team B,0.891,1069,582,1219,847,False
91,player,17,team A,0.8693,1140,544,1247,783,False
91,ball,,,0.788,1573,709,1606,742,False
92,player,1,team A,0.9458,1613,831,1719,1078,False
92,player,2,team B,0.8664,1580,626,1687,872,False
92,player,5,team A,0.9116,653,700,742,949,False
92,player,9,team A,0.8439,705,461,770,671,False
92,player,10,team A,0.7894,884,421,970,648,False
92,player,14,team A,0.8976,1260,593,1421,844,False
92,player,15,team B,0.9466,729,738,838,1043,False
92,player,16,team B,0.8816,1065,573,1217,845,False
92,player,17,team A,0.8767,1137,546,1243,785,False
92,ball,,,0.6348,1555,666,1590,697,False
93,player,1,team A,0.9458,1613,831,1719,1078,False
93,player,2,team B,0.8632,1575,627,1684,870,False
93,player,5,team A,0.9117,654,700,743,949,False
93,player,9,team A,0.8424,705,460,771,671,False
93,player,10,team A,0.7903,885,420,971,648,False
93,player,14,team A,0.8963,1267,588,1428,843,False
93,player,15,team B,0.9464,732,738,841,1043,False
93,player,16,team B,0.8789,1065,569,1215,844,False
93,player,17,team A,0.878,1136,547,1241,785,False
93,ball,,,0.6549,1555,666,1589,697,False
94,player,1,team A,0.9415,1613,829,1720,1078,False
94,player,2,team B,0.8891,1577,621,1688,866,False
94,player,5,team A,0.9107,656,699,745,946,False
94,player,9,team A,0.8442,707,462,772,671,False
94,player,10,team A,0.7807,889,424,973,648,False
94,player,15,team B,0.9416,735,738,845,1042,False
94,player,16,team B,0.8713,1063,565,1204,828,False
94,player,17,team A,0.8484,1135,545,1239,784,False
94,player,6,team A,0.8979,1285,566,1426,842,False
94,ball,,,0.4016,1577,616,1612,652,False
95,player,1,team A,0.9413,1613,829,1720,1078,False
95,player,2,team B,0.8917,1578,619,1690,864,False
95,player,5,team A,0.9106,656,698,747,945,False
95,player,9,team A,0.8453,708,462,772,671,False
95,player,10,team A,0.782,890,426,973,648,False
95,player,15,team B,0.9414,736,739,846,1042,False
95,player,16,team B,0.8705,1063,564,1199,821,False
95,player,17,team A,0.8445,1135,545,1238,784,False
95,player,6,team A,0.8976,1288,568,1422,844,False
95,ball,,,0.3593,1577,616,1612,652,False
96,player,1,team A,0.9422,1613,829,1721,1078,False
96,player,2,team B,0.8936,1578,610,1692,861,False
96,player,5,team A,0.9196,658,697,750,944,False
96,player,9,team A,0.8601,708,460,774,670,False
96,player,10,team A,0.8486,892,427,974,648,False
96,player,15,team B,0.9379,737,739,848,1042,False
96,player,16,team B,0.867,1065,563,1199,818,False
96,player,17,team A,0.858,1133,543,1236,783,False
96,player,6,team A,0.9336,1287,550,1423,846,False
96,ball,,,0.931,1592,603,1627,639,False
97,player,1,team A,0.9413,1614,829,1721,1078,False
97,player,2,team B,0.8673,1571,590,1690,859,False
97,player,5,team A,0.9064,663,697,756,945,False
97,player,9,team A,0.8462,709,458,775,670,False
97,player,10,team A,0.797,898,428,978,648,False
97,player,15,team B,0.9228,739,739,850,1043,False
97,player,16,team B,0.8632,1057,562,1189,817,False
97,player,17,team A,0.8581,1128,539,1232,782,False
97,player,6,team A,0.9196,1291,542,1431,854,False
97,ball,,,0.85,1608,579,1643,614,False
98,player,1,team A,0.9412,1614,829,1721,1078,False
98,player,2,team B,0.8687,1569,582,1688,857,False
98,player,5,team A,0.9057,664,697,758,945,False
98,player,9,team A,0.8458,710,457,776,670,False
98,player,10,team A,0.7966,900,428,979,648,False
98,player,15,team B,0.9229,739,740,851,1043,False
98,player,16,team B,0.8615,1055,561,1185,817,False
98,player,17,team A,0.858,1126,537,1231,782,False
98,player,6,team A,0.9183,1294,539,1432,858,False
98,ball,,,0.8491,1608,579,1643,614,False
99,player,1,team A,0.9471,1614,828,1722,1078,False
99,player,2,team B,0.9229,1565,564,1689,860,False
99,player,5,team A,0.8733,673,698,767,946,False
99,player,9,team A,0.8383,711,457,778,670,False
99,player,10,team A,0.7352,904,428,982,649,False
99,player,15,team B,0.9158,739,740,851,1043,False
99,player,16,team B,0.7991,1033,558,1164,816,False
99,player,6,team A,0.9377,1301,533,1440,858,False
99,player,3,team B,0.7963,1073,532,1203,780,False
100,player,1,team A,0.9468,1614,828,1722,1078,False
100,player,2,team B,0.9222,1565,558,1689,862,False
100,player,5,team A,0.8698,676,699,770,946,False
100,player,9,team A,0.8374,712,457,779,670,False
100,player,10,team A,0.7308,905,428,983,649,False
100,player,15,team B,0.9152,738,740,851,1043,False
100,player,16,team B,0.7996,1025,556,1156,816,False
100,player,6,team A,0.9373,1304,530,1442,859,False
100,player,19,team B,0.7848,960,381,1071,549,False
100,player,3,team B,0.7963,1070,532,1201,779,False
101,player,1,team A,0.9505,1615,828,1723,1078,False
101,player,2,team B,0.9342,1563,545,1689,862,False
101,player,5,team A,0.8604,685,699,777,945,False
101,player,9,team A,0.8546,713,457,780,670,False
101,player,10,team A,0.8154,906,428,981,642,False
101,player,15,team B,0.9113,737,740,850,1043,False
101,player,16,team B,0.8365,1013,553,1145,815,False
101,player,6,team A,0.9353,1311,534,1444,858,False
101,player,3,team B,0.6599,1062,529,1192,778,False
102,player,1,team A,0.9498,1616,829,1724,1078,False
102,player,2,team B,0.9291,1559,514,1691,862,False
102,player,5,team A,0.8679,692,698,785,946,False
102,player,9,team A,0.8691,714,460,781,671,False
102,player,10,team A,0.8494,907,428,982,647,False
102,player,15,team B,0.9052,736,739,848,1044,False
102,player,16,team B,0.827,996,549,1129,812,False
102,player,6,team A,0.9125,1327,525,1458,859,False
102,player,3,team B,0.6396,1038,526,1162,779,False
103,player,1,team A,0.9499,1617,829,1724,1078,False
103,player,2,team B,0.929,1559,502,1691,862,False
103,player,5,team A,0.8679,695,697,788,947,False
103,player,9,team A,0.869,715,461,782,671,False
103,player,10,team A,0.8493,907,427,982,648,False
103,player,15,team B,0.9052,736,739,848,1044,False
103,player,16,team B,0.8266,990,548,1123,811,False
103,player,6,team A,0.9124,1334,522,1462,859,False
103,player,3,team B,0.6389,1031,525,1150,779,False
103,player,20,team B,0.7655,1389,365,1450,563,False
104,player,1,team A,0.9501,1618,830,1726,1078,False
104,player,2,team B,0.8172,1554,492,1684,856,False
104,player,5,team A,0.8788,700,695,792,947,False
104,player,9,team A,0.8317,717,458,784,671,False
104,player,10,team A,0.8141,909,428,983,649,False
104,player,15,team B,0.9074,735,739,846,1045,False
104,player,16,team B,0.7748,979,548,1112,811,False
104,player,6,team A,0.8943,1350,508,1478,859,False
104,player,3,team B,0.6177,1027,521,1141,770,False
104,player,20,team B,0.8386,1390,365,1450,561,False
105,player,1,team A,0.9501,1619,830,1726,1078,False
105,player,2,team B,0.8113,1553,488,1680,853,False
105,player,5,team A,0.8793,701,694,793,947,False
105,player,9,team A,0.832,718,458,785,671,False
105,player,10,team A,0.814,910,429,983,649,False
105,player,15,team B,0.9073,735,739,846,1045,False
105,player,16,team B,0.7796,975,548,1108,811,False
105,player,6,team A,0.8943,1358,503,1483,860,False
105,player,3,team B,0.6214,1027,519,1137,767,False
105,player,20,team B,0.8384,1390,365,1450,561,False
105,player,21,team B,0.8601,737,367,838,545,False
106,player,1,team A,0.9497,1622,831,1729,1078,False
106,player,2,team B,0.9119,1553,487,1676,849,False
106,player,5,team A,0.8614,707,693,797,947,False
106,player,9,team A,0.8379,721,452,790,670,False
106,player,10,team A,0.8014,914,431,985,649,False
106,player,15,team B,0.8991,735,739,845,1044,False
106,player,16,team B,0.817,969,550,1100,812,False
106,player,6,team A,0.8765,1377,507,1495,855,False
106,player,3,team B,0.7369,1014,524,1119,765,False
107,player,1,team A,0.9494,1623,831,1730,1078,False
107,player,2,team B,0.9119,1554,487,1674,847,False
107,player,5,team A,0.8607,709,692,798,947,False
107,player,9,team A,0.8395,722,450,791,670,False
107,player,10,team A,0.7999,915,433,986,649,False
107,player,15,team B,0.8986,735,739,844,1044,False
107,player,16,team B,0.8163,968,551,1097,812,False
107,player,6,team A,0.8761,1386,509,1499,852,False
107,player,3,team B,0.7372,1011,526,1111,765,False
108,player,1,team A,0.9442,1627,832,1734,1078,False
108,player,2,team B,0.8904,1555,494,1671,848,False
108,player,5,team A,0.8566,716,691,805,947,False
108,player,9,team A,0.8587,727,449,796,670,False
108,player,10,team A,0.8218,919,437,989,650,False
108,player,15,team B,0.8762,737,739,845,1045,False
108,player,16,team B,0.7652,968,547,1096,808,False
108,player,6,team A,0.907,1403,512,1514,854,False
108,player,3,team B,0.6,989,530,1092,765,False
109,player,1,team A,0.9432,1631,832,1739,1078,False
109,player,2,team B,0.8839,1559,500,1671,851,False
109,player,5,team A,0.8361,722,690,811,947,False
109,player,9,team A,0.8354,732,449,801,671,False
109,player,10,team A,0.8266,921,437,993,650,False
109,player,15,team B,0.876,739,739,847,1045,False
109,player,16,team B,0.6958,968,537,1090,779,False
109,player,6,team A,0.9123,1416,514,1525,856,False
109,player,3,team B,0.7069,976,534,1085,788,False
109,player,22,team B,0.7923,1071,383,1156,562,False
109,ball,,,0.4256,836,441,857,464,False
110,player,1,team A,0.9425,1633,832,1740,1078,False
110,player,2,team B,0.8831,1562,503,1671,852,False
110,player,5,team A,0.8331,724,690,813,946,False
110,player,9,team A,0.8366,733,449,803,671,False
110,player,10,team A,0.8212,922,437,994,650,False
110,player,15,team B,0.8769,740,739,847,1045,False
110,player,16,team B,0.6886,967,534,1089,768,False
110,player,6,team A,0.9139,1421,515,1529,857,False
110,player,3,team B,0.7068,971,536,1081,796,False
110,player,22,team B,0.7797,1072,383,1158,563,False
110,ball,,,0.3958,836,441,856,465,False
111,player,1,team A,0.9379,1639,833,1747,1078,False
111,player,2,team B,0.8983,1565,523,1669,859,False
111,player,5,team A,0.8394,731,688,821,947,False
111,player,9,team A,0.8324,740,448,810,671,False
111,player,10,team A,0.782,929,437,1002,650,False
111,player,15,team B,0.8736,745,738,852,1045,False
111,player,16,team B,0.4227,972,546,1091,766,False
111,player,6,team A,0.9284,1438,521,1548,861,False
111,player,3,team B,0.5169,971,539,1079,797,False
111,player,22,team B,0.8254,1095,381,1185,568,False
111,ball,,,0.0,883,405,906,431,True
112,player,1,team A,0.9375,1642,833,1749,1078,False
112,player,2,team B,0.8972,1566,530,1669,861,False
112,player,5,team A,0.8383,734,687,824,947,False
112,player,9,team A,0.8317,742,448,812,671,False
112,player,10,team A,0.7822,931,437,1006,650,False
112,player,15,team B,0.8724,747,738,854,1045,False
112,player,16,team B,0.4222,973,550,1094,766,False
112,player,6,team A,0.928,1444,523,1555,862,False
112,player,3,team B,0.5083,972,540,1078,798,False
112,player,22,team B,0.8258,1102,381,1194,570,False
112,ball,,,0.0,930,369,955,397,True
113,player,1,team A,0.9399,1649,833,1757,1078,False
113,player,2,team B,0.9022,1571,563,1667,871,False
113,player,5,team A,0.7753,742,684,832,943,False
113,player,9,team A,0.823,751,449,819,670,False
113,player,10,team A,0.7516,940,439,1015,650,False
113,player,15,team B,0.8899,751,737,858,1045,False
113,player,16,team B,0.5259,973,542,1109,784,False
113,player,6,team A,0.9177,1453,530,1566,867,False
113,player,22,team B,0.6392,1138,388,1226,571,False
113,ball,,,0.0,977,333,1004,363,True
114,player,1,team A,0.9396,1652,834,1760,1078,False
114,player,2,team B,0.9019,1573,576,1667,875,False
114,player,5,team A,0.7753,744,683,836,942,False
114,player,9,team A,0.8227,754,449,822,670,False
114,player,10,team A,0.7502,943,439,1019,650,False
114,player,15,team B,0.8897,753,737,860,1045,False
114,player,16,team B,0.5202,973,540,1115,791,False
114,player,6,team A,0.9174,1456,533,1571,869,False
114,player,22,team B,0.6358,1151,391,1237,571,False
114,ball,,,0.0,1024,298,1054,328,True
115,player,1,team A,0.9436,1657,834,1765,1078,False
115,player,2,team B,0.9039,1580,592,1670,877,False
115,player,5,team A,0.8313,747,682,840,943,False
115,player,9,team A,0.8049,759,450,827,670,False
115,player,10,team A,0.7236,949,439,1023,641,False
115,player,15,team B,0.8935,758,736,865,1045,False
115,player,16,team B,0.8357,966,538,1113,794,False
115,player,6,team A,0.9215,1461,536,1577,871,False
115,player,22,team B,0.4531,1167,390,1252,572,False
115,ball,,,0.0,1072,262,1104,294,True
116,player,1,team A,0.9495,1669,835,1778,1078,False
116,player,2,team B,0.8838,1593,612,1678,878,False
116,player,5,team A,0.8575,748,681,843,943,False
116,player,9,team A,0.8004,770,450,837,670,False
116,player,15,team B,0.9129,766,733,873,1040,False
116,player,16,team B,0.6937,947,538,1099,796,False
116,player,6,team A,0.929,1480,537,1599,871,False
116,player,22,team B,0.6786,1193,389,1279,571,False
116,ball,,,0.0,1119,226,1153,260,True
117,player,1,team A,0.9502,1674,836,1782,1078,False
117,player,2,team B,0.8783,1597,618,1681,879,False
117,player,5,team A,0.858,748,680,844,943,False
117,player,9,team A,0.8018,774,450,841,670,False
117,player,15,team B,0.9133,769,732,876,1039,False
117,player,16,team B,0.6939,938,537,1094,796,False
117,player,6,team A,0.9292,1486,538,1607,870,False
117,player,22,team B,0.6735,1202,388,1287,571,False
117,player,10,team A,0.4194,948,436,1051,728,False
117,ball,,,0.0,1166,190,1202,226,True
118,player,1,team A,0.9452,1690,839,1798,1078,False
118,player,2,team B,0.8171,1615,625,1699,881,False
118,player,5,team A,0.8795,746,681,845,944,False
118,player,9,team A,0.8315,783,450,850,671,False
118,player,15,team B,0.9145,780,730,885,1035,False
118,player,16,team B,0.731,919,535,1078,799,False
118,player,6,team A,0.9015,1513,539,1638,876,False
118,player,11,team B,0.8475,837,384,920,556,False
118,ball,,,0.7373,1213,154,1252,192,False
119,player,1,team A,0.9449,1696,840,1804,1078,False
119,player,2,team B,0.8166,1621,627,1705,881,False
119,player,5,team A,0.8793,745,681,845,944,False
119,player,9,team A,0.8312,786,451,853,672,False
119,player,15,team B,0.9144,783,729,889,1034,False
119,player,16,team B,0.7313,911,534,1072,800,False
119,player,6,team A,0.9012,1523,539,1650,879,False
119,player,24,team A,0.4471,994,432,1057,577,False
119,player,11,team B,0.8474,839,384,916,556,False
119,ball,,,0.7359,1213,154,1252,192,False
120,player,1,team A,0.9421,1713,843,1820,1078,False
120,player,2,team B,0.8525,1638,628,1724,886,False
120,player,5,team A,0.8962,746,684,848,946,False
120,player,9,team A,0.8018,796,451,862,672,False
120,player,15,team B,0.9101,796,727,900,1031,False
120,player,16,team B,0.7561,913,535,1074,801,False
120,player,6,team A,0.8959,1554,537,1682,878,False
120,player,24,team A,0.6661,1004,435,1071,588,False
120,player,10,team A,0.5872,978,516,1064,760,False
120,ball,,,0.2341,1175,134,1213,171,False
121,player,1,team A,0.9416,1719,844,1827,1078,False
121,player,2,team B,0.8526,1643,628,1732,887,False
121,player,5,team A,0.8963,747,685,849,947,False
121,player,9,team A,0.8016,800,451,866,672,False
121,player,15,team B,0.9103,801,726,903,1030,False
121,player,16,team B,0.7543,915,535,1075,802,False
121,player,6,team A,0.897,1565,537,1694,878,False
121,player,24,team A,0.6671,1008,436,1075,592,False
121,player,10,team A,0.59,982,530,1065,764,False
121,ball,,,0.2377,1175,134,1213,171,False
122,player,1,team A,0.9401,1739,848,1847,1078,False
122,player,2,team B,0.9022,1669,628,1763,891,False
122,player,5,team A,0.8879,752,688,856,951,False
122,player,9,team A,0.7601,809,450,875,674,False
122,player,15,team B,0.9102,814,725,916,1033,False
122,player,16,team B,0.4292,916,536,1069,793,False
122,player,6,team A,0.8856,1588,543,1717,883,False
122,player,24,team A,0.5981,1015,438,1096,627,False
122,player,10,team A,0.7017,999,535,1086,778,False
122,player,22,team B,0.7269,1297,386,1388,580,False
122,ball,,,0.3587,1139,120,1176,156,False
123,player,1,team A,0.9399,1746,849,1855,1078,False
123,player,2,team B,0.9019,1677,628,1775,892,False
123,player,5,team A,0.8877,754,689,858,953,False
123,player,9,team A,0.7602,812,450,878,674,False
123,player,15,team B,0.91,819,725,920,1034,False
123,player,16,team B,0.4296,918,536,1067,789,False
123,player,6,team A,0.8855,1596,545,1726,885,False
123,player,24,team A,0.5973,1018,439,1103,639,False
123,player,10,team A,0.7016,1004,536,1093,782,False
123,player,22,team B,0.7239,1303,386,1396,581,False
123,ball,,,0.3462,1139,120,1176,156,False
124,player,1,team A,0.918,1758,851,1868,1078,False
124,player,2,team B,0.8988,1690,628,1793,894,False
124,player,5,team A,0.869,757,691,861,954,False
124,player,9,team A,0.7793,817,450,884,676,False
124,player,15,team B,0.8792,826,725,927,1037,False
124,player,16,team B,0.7855,917,535,1064,790,False
124,player,6,team A,0.8918,1609,551,1739,889,False
124,player,24,team A,0.6599,1027,440,1112,641,False
124,player,10,team A,0.7854,1007,536,1099,785,False
124,player,22,team B,0.6852,1318,386,1415,590,False
124,ball,,,0.0,1112,114,1148,150,True
125,player,1,team A,0.934,1784,855,1895,1078,False
125,player,2,team B,0.8289,1725,627,1834,896,False
125,player,5,team A,0.8893,767,693,874,960,False
125,player,9,team A,0.8063,831,449,900,677,False
125,player,15,team B,0.8965,840,727,942,1044,False
125,player,16,team B,0.8152,904,528,1050,789,False
125,player,6,team A,0.9037,1634,554,1768,895,False
125,player,24,team A,0.7789,1044,445,1132,656,False
125,player,10,team A,0.7912,1011,539,1107,787,False
125,player,20,team B,0.6206,1390,386,1454,593,False
125,ball,,,0.4485,1084,108,1121,143,False
126,player,1,team A,0.9355,1792,857,1905,1078,False
126,player,2,team B,0.8263,1737,627,1851,897,False
126,player,5,team A,0.8904,770,694,879,962,False
126,player,9,team A,0.8089,836,449,906,678,False
126,player,15,team B,0.8981,846,728,947,1046,False
126,player,16,team B,0.8146,900,525,1043,789,False
126,player,6,team A,0.9049,1642,555,1779,898,False
126,player,24,team A,0.78,1050,447,1139,661,False
126,player,10,team A,0.7911,1011,539,1110,787,False
126,player,20,team B,0.5932,1390,386,1454,594,False
126,ball,,,0.4521,1084,108,1121,143,False
127,player,2,team B,0.8218,1768,628,1883,894,False
127,player,5,team A,0.8958,775,695,886,965,False
127,player,9,team A,0.8334,842,448,914,679,False
127,player,15,team B,0.8898,857,730,959,1050,False
127,player,16,team B,0.7614,888,522,1028,790,False
127,player,6,team A,0.8583,1665,562,1805,901,False
127,player,24,team A,0.7921,1065,448,1157,666,False
127,player,10,team A,0.821,1008,539,1114,790,False
127,player,22,team B,0.7569,1402,383,1499,596,False
127,ball,,,0.8847,1043,106,1082,141,False
128,player,2,team B,0.8526,1779,629,1896,892,False
128,player,5,team A,0.9003,777,696,889,967,False
128,player,9,team A,0.8352,844,447,916,680,False
128,player,15,team B,0.8941,861,731,963,1052,False
128,player,16,team B,0.7681,885,520,1021,791,False
128,player,6,team A,0.8601,1671,565,1814,904,False
128,player,24,team A,0.7984,1070,449,1164,667,False
128,player,10,team A,0.8237,1006,538,1116,790,False
128,player,22,team B,0.7679,1415,383,1508,597,False
128,ball,,,0.8714,1043,106,1083,141,False
129,player,2,team B,0.88,1797,632,1920,911,False
129,player,5,team A,0.907,780,698,893,972,False
129,player,9,team A,0.7971,849,447,923,681,False
129,player,15,team B,0.9056,866,733,968,1054,False
129,player,16,team B,0.8488,881,520,1010,777,False
129,player,6,team A,0.9174,1695,579,1835,900,False
129,player,24,team A,0.8267,1084,451,1181,672,False
129,player,10,team A,0.8645,997,534,1115,793,False
129,player,22,team B,0.7668,1444,378,1540,595,False
129,ball,,,0.8736,998,111,1038,147,False
130,player,2,team B,0.88,1804,633,1929,918,False
130,player,5,team A,0.9066,781,699,895,973,False
130,player,9,team A,0.7969,850,446,926,682,False
130,player,15,team B,0.9054,868,734,970,1055,False
130,player,16,team B,0.8484,881,520,1006,772,False
130,player,6,team A,0.9172,1702,584,1844,898,False
130,player,24,team A,0.8266,1088,452,1188,674,False
130,player,10,team A,0.8642,992,533,1116,794,False
130,player,22,team B,0.7688,1454,376,1552,595,False
130,ball,,,0.8864,998,111,1038,147,False
131,player,5,team A,0.8856,784,700,899,976,False
131,player,9,team A,0.7335,852,446,929,683,False
131,player,15,team B,0.8896,872,735,975,1056,False
131,player,16,team B,0.8101,879,517,1005,770,False
131,player,6,team A,0.8912,1714,586,1859,898,False
131,player,24,team A,0.7604,1100,456,1203,674,False
131,player,10,team A,0.8278,983,529,1113,794,False
131,player,22,team B,0.7576,1463,376,1566,604,False
131,ball,,,0.5941,975,114,1018,152,False
132,player,5,team A,0.866,787,706,903,981,False
132,player,15,team B,0.9094,880,733,986,1059,False
132,player,16,team B,0.653,865,521,995,771,False
132,player,6,team A,0.8973,1737,589,1887,902,False
132,player,24,team A,0.8669,1117,459,1223,676,False
132,player,10,team A,0.8028,972,524,1100,781,False
132,player,22,team B,0.7573,1485,377,1582,587,False
132,ball,,,0.1082,959,569,988,604,False
133,player,5,team A,0.9071,790,707,908,985,False
133,player,15,team B,0.91,887,731,994,1059,False
133,player,6,team A,0.9263,1751,589,1905,905,False
133,player,24,team A,0.8785,1125,460,1235,677,False
133,player,10,team A,0.6696,956,530,1081,778,False
133,player,22,team B,0.7676,1501,379,1611,614,False
133,player,3,team B,0.7318,804,531,933,794,False
133,ball,,,0.2248,908,137,946,168,False
134,player,5,team A,0.9053,791,708,910,986,False
134,player,15,team B,0.9102,889,730,998,1059,False
134,player,6,team A,0.9217,1755,589,1912,906,False
134,player,24,team A,0.8767,1126,460,1240,678,False
134,player,10,team A,0.6806,950,531,1076,777,False
134,player,22,team B,0.7375,1507,379,1622,624,False
134,player,3,team B,0.726,795,531,937,794,False
134,ball,,,0.2706,908,137,946,168,False
135,player,5,team A,0.9006,796,711,918,991,False
135,player,15,team B,0.8974,900,728,1010,1053,False
135,player,6,team A,0.9254,1764,601,1919,913,False
135,player,24,team A,0.8482,1128,461,1246,684,False
135,player,10,team A,0.6605,929,529,1054,779,False
135,player,22,team B,0.4377,1535,384,1650,630,False
135,player,3,team B,0.8192,779,542,933,808,False
135,player,9,team A,0.4119,884,439,963,677,False
135,ball,,,0.0,877,155,914,185,True
136,player,5,team A,0.9006,797,713,922,993,False
136,player,15,team B,0.8976,904,728,1015,1051,False
136,player,6,team A,0.9253,1767,606,1922,916,False
136,player,24,team A,0.8477,1128,461,1249,687,False
136,player,10,team A,0.662,922,528,1045,780,False
136,player,22,team B,0.4277,1546,386,1661,632,False
136,player,3,team B,0.8192,771,546,933,814,False
136,player,26,,0.772,1884,890,1919,1078,False
136,player,27,team B,0.7008,944,374,1017,589,False
136,player,28,team A,0.4353,876,439,976,592,False
136,player,9,team A,0.4117,886,439,968,676,False
136,ball,,,0.0,847,173,883,202,True
137,player,5,team A,0.8894,800,713,929,998,False
137,player,15,team B,0.8936,918,724,1032,1055,False
137,player,6,team A,0.9417,1779,617,1928,918,False
137,player,24,team A,0.8613,1128,470,1250,694,False
137,player,10,team A,0.5336,907,532,1032,783,False
137,player,22,team B,0.5397,1586,385,1698,633,False
137,player,3,team B,0.8684,758,553,918,818,False
137,player,27,team B,0.8003,950,380,1021,589,False
137,player,28,team A,0.6874,881,437,979,588,False
137,ball,,,0.2369,816,191,851,219,False
138,player,5,team A,0.8892,801,713,932,1000,False
138,player,15,team B,0.8935,923,723,1038,1057,False
138,player,6,team A,0.9419,1783,621,1929,919,False
138,player,24,team A,0.8613,1128,474,1250,696,False
138,player,10,team A,0.5341,902,533,1028,784,False
138,player,22,team B,0.5374,1602,385,1710,634,False
138,player,3,team B,0.8676,753,556,913,819,False
138,player,27,team B,0.8002,952,382,1023,589,False
138,player,28,team A,0.6808,882,437,980,587,False
138,ball,,,0.2451,816,191,851,219,False
139,player,5,team A,0.9233,807,714,943,1006,False
139,player,15,team B,0.8968,940,725,1055,1063,False
139,player,6,team A,0.9171,1796,628,1938,923,False
139,player,24,team A,0.8656,1126,470,1252,702,False
139,player,10,team A,0.6703,895,536,1017,775,False
139,player,22,team B,0.6315,1632,381,1740,635,False
139,player,3,team B,0.8524,748,554,910,824,False
139,player,27,team B,0.7851,955,381,1027,592,False
139,player,28,team A,0.751,880,437,990,606,False
139,ball,,,0.0,803,216,837,245,True
140,player,5,team A,0.9235,809,714,947,1008,False
140,player,15,team B,0.8971,946,726,1061,1066,False
140,player,6,team A,0.9173,1802,630,1940,925,False
140,player,24,team A,0.8658,1125,469,1252,704,False
140,player,10,team A,0.6704,892,536,1014,771,False
140,player,22,team B,0.6325,1643,380,1749,635,False
140,player,3,team B,0.8531,747,553,909,826,False
140,player,27,team B,0.7851,956,380,1029,593,False
140,player,28,team A,0.7512,879,437,993,612,False
140,ball,,,0.0,789,241,824,270,True
141,player,5,team A,0.8639,820,713,961,1010,False
141,player,15,team B,0.9048,955,729,1072,1071,False
141,player,6,team A,0.7798,1809,611,1953,933,False
141,player,24,team A,0.8611,1126,467,1258,715,False
141,player,10,team A,0.8178,860,538,995,790,False
141,player,22,team B,0.6931,1666,378,1778,648,False
141,player,3,team B,0.8146,735,549,895,828,False
141,player,27,team B,0.7684,958,378,1034,599,False
141,player,28,team A,0.785,866,437,1008,661,False
141,ball,,,0.0,776,266,810,296,True
142,player,5,team A,0.8656,824,713,966,1011,False
142,player,15,team B,0.905,959,730,1076,1073,False
142,player,6,team A,0.7774,1814,603,1955,936,False
142,player,24,team A,0.8613,1126,467,1260,719,False
142,player,10,team A,0.8176,848,538,990,796,False
142,player,22,team B,0.6924,1675,377,1787,653,False
142,player,3,team B,0.8151,733,548,889,829,False
142,player,27,team B,0.7683,959,377,1035,601,False
142,player,28,team A,0.7848,862,437,1013,678,False
142,ball,,,0.0,762,292,796,322,True
143,player,5,team A,0.8778,853,714,999,1020,False
143,player,15,team B,0.9311,966,733,1086,1077,False
143,player,6,team A,0.664,1831,637,1955,947,False
143,player,24,team A,0.8891,1126,465,1261,723,False
143,player,22,team B,0.6907,1701,378,1814,656,False
143,player,3,team B,0.8234,729,541,887,833,False
143,player,27,team B,0.7939,960,377,1040,614,False
143,player,28,team A,0.8086,860,437,1013,688,False
143,player,16,team B,0.6007,809,533,942,782,False
143,ball,,,0.0,749,317,782,348,True
144,player,5,team A,0.8779,864,715,1011,1023,False
144,player,15,team B,0.9307,968,734,1090,1079,False
144,player,6,team A,0.6641,1839,651,1953,951,False
144,player,24,team A,0.8887,1127,464,1261,724,False
144,player,22,team B,0.691,1710,378,1824,658,False
144,player,3,team B,0.8229,729,538,886,834,False
144,player,27,team B,0.7943,960,377,1041,618,False
144,player,28,team A,0.8086,860,437,1012,691,False
144,player,16,team B,0.6002,806,533,942,783,False
144,ball,,,0.0,735,342,769,373,True
145,player,5,team A,0.9178,878,718,1027,1038,False
145,player,15,team B,0.9372,977,736,1102,1079,False
145,player,24,team A,0.8837,1125,459,1259,726,False
145,player,22,team B,0.6303,1748,385,1861,669,False
145,player,3,team B,0.8228,725,530,883,835,False
145,player,27,team B,0.8018,965,377,1042,604,False
145,player,28,team A,0.8647,863,437,1015,695,False
145,player,16,team B,0.4295,792,526,934,780,False
145,player,10,team A,0.4737,818,526,956,780,False
145,ball,,,0.7669,722,367,755,399,False
146,player,5,team A,0.9176,884,719,1031,1044,False
146,player,15,team B,0.937,980,737,1107,1079,False
146,player,24,team A,0.8833,1125,457,1258,727,False
146,player,22,team B,0.6248,1763,387,1874,673,False
146,player,3,team B,0.8243,725,528,882,836,False
146,player,27,team B,0.8018,967,376,1042,599,False
146,player,28,team A,0.8644,865,437,1014,696,False
146,player,16,team B,0.4177,787,523,932,779,False
146,player,10,team A,0.4874,815,523,951,777,False
146,ball,,,0.7601,722,367,755,399,False
147,player,5,team A,0.9212,896,723,1042,1053,False
147,player,15,team B,0.9403,988,738,1119,1078,False
147,player,24,team A,0.895,1123,456,1254,729,False
147,player,22,team B,0.8566,1795,392,1904,676,False
147,player,3,team B,0.8085,716,523,871,833,False
147,player,27,team B,0.8177,968,374,1047,608,False
147,player,28,team A,0.8888,877,437,1026,698,False
147,player,16,team B,0.5115,773,517,921,793,False
147,ball,,,0.2694,747,427,783,458,False
148,player,5,team A,0.9211,902,725,1045,1056,False
148,player,15,team B,0.9406,990,738,1125,1078,False
148,player,24,team A,0.8964,1123,455,1252,730,False
148,player,22,team B,0.856,1806,394,1914,676,False
148,player,3,team B,0.8092,714,521,867,832,False
148,player,27,team B,0.8184,969,374,1049,611,False
148,player,28,team A,0.8896,882,438,1029,699,False
148,player,10,team A,0.5115,778,516,919,795,False
148,ball,,,0.2705,747,427,783,458,False
149,player,5,team A,0.9153,911,726,1054,1061,False
149,player,15,team B,0.9386,1008,736,1147,1079,False
149,player,24,team A,0.8926,1122,455,1250,736,False
149,player,22,team B,0.6798,1833,400,1935,678,False
149,player,3,team B,0.8429,697,519,850,835,False
149,player,27,team B,0.8123,970,373,1055,622,False
149,player,28,team A,0.8687,893,440,1041,702,False
149,player,10,team A,0.725,765,514,896,781,False
149,ball,,,0.0,761,466,797,497,True
150,player,5,team A,0.9155,914,726,1057,1063,False
150,player,15,team B,0.9388,1014,735,1155,1079,False
150,player,24,team A,0.8931,1122,455,1249,738,False
150,player,22,team B,0.6732,1843,402,1942,678,False
150,player,3,team B,0.8433,691,518,842,835,False
150,player,27,team B,0.8123,971,373,1058,626,False
150,player,28,team A,0.8692,897,441,1045,703,False
150,player,10,team A,0.7233,762,514,887,776,False
150,ball,,,0.0,775,505,811,537,True
151,player,5,team A,0.9284,922,726,1067,1068,False
151,player,15,team B,0.9329,1040,733,1184,1079,False
151,player,24,team A,0.9279,1120,463,1247,749,False
151,player,22,team B,0.6359,1854,398,1950,681,False
151,player,3,team B,0.8206,666,522,817,842,False
151,player,27,team B,0.8148,974,381,1067,637,False
151,player,28,team A,0.852,906,445,1056,709,False
151,ball,,,0.0,789,544,825,576,True
152,player,5,team A,0.9284,925,726,1070,1070,False
152,player,15,team B,0.933,1049,732,1195,1079,False
152,player,24,team A,0.928,1120,466,1246,753,False
152,player,22,team B,0.6309,1859,397,1951,682,False
152,player,3,team B,0.8207,657,523,808,844,False
152,player,27,team B,0.8146,975,384,1071,641,False
152,player,28,team A,0.852,909,447,1060,712,False
152,player,10,team A,0.4336,701,518,843,803,False
152,ball,,,0.0,802,582,838,615,True
153,player,5,team A,0.9294,931,725,1077,1072,False
153,player,15,team B,0.9369,1067,732,1215,1079,False
153,player,24,team A,0.9201,1120,470,1246,759,False
153,player,3,team B,0.7999,646,527,797,851,False
153,player,27,team B,0.6752,976,387,1077,648,False
153,player,28,team A,0.8574,911,448,1066,717,False
153,player,10,team A,0.5564,694,522,842,813,False
153,ball,,,0.0,816,621,852,654,True
154,player,5,team A,0.9159,945,721,1093,1073,False
154,player,15,team B,0.9406,1093,731,1244,1079,False
154,player,24,team A,0.9074,1121,474,1248,768,False
154,player,3,team B,0.8163,637,535,786,857,False
154,player,27,team B,0.7872,999,398,1101,658,False
154,player,28,team A,0.8613,914,451,1070,720,False
154,player,10,team A,0.4898,686,524,834,817,False
154,ball,,,0.0,830,660,866,694,True
155,player,5,team A,0.9157,950,720,1098,1073,False
155,player,15,team B,0.9405,1102,731,1256,1079,False
155,player,24,team A,0.9073,1121,476,1248,771,False
155,player,3,team B,0.8155,634,539,782,859,False
155,player,27,team B,0.7911,1008,402,1110,661,False
155,player,28,team A,0.8618,915,452,1071,721,False
155,player,10,team A,0.4908,684,525,832,819,False
155,ball,,,0.1105,844,699,880,733,False
156,player,5,team A,0.9268,959,717,1106,1068,False
156,player,15,team B,0.9462,1112,730,1270,1078,False
156,player,24,team A,0.908,1120,476,1249,778,False
156,player,3,team B,0.8882,631,539,778,861,False
156,player,27,team B,0.7982,1011,407,1112,668,False
156,player,28,team A,0.8681,916,452,1073,722,False
156,player,10,team A,0.6474,705,525,846,820,False
156,ball,,,0.0,862,683,899,717,True
157,player,5,team A,0.9465,972,710,1120,1060,False
157,player,15,team B,0.9334,1126,734,1288,1078,False
157,player,24,team A,0.9075,1124,475,1246,758,False
157,player,3,team B,0.8745,622,533,773,861,False
157,player,27,team B,0.8145,1012,408,1115,676,False
157,player,28,team A,0.9065,920,450,1078,723,False
157,player,10,team A,0.6359,708,522,843,822,False
157,ball,,,0.0,880,666,917,701,True
158,player,5,team A,0.9424,975,708,1125,1058,False
158,player,15,team B,0.9423,1130,735,1297,1078,False
158,player,24,team A,0.901,1125,474,1244,750,False
158,player,3,team B,0.8722,619,530,770,862,False
158,player,27,team B,0.75,1013,408,1115,678,False
158,player,28,team A,0.8959,922,449,1079,723,False
158,player,10,team A,0.6265,712,521,840,822,False
158,ball,,,0.0,898,650,936,685,True
159,player,5,team A,0.9396,985,703,1138,1053,False
159,player,15,team B,0.9327,1137,738,1310,1078,False
159,player,24,team A,0.9004,1121,474,1251,776,False
159,player,3,team B,0.7567,619,521,775,859,False
159,player,27,team B,0.6363,1002,405,1109,677,False
159,player,28,team A,0.8751,923,446,1081,723,False
159,player,10,team A,0.4787,673,519,806,825,False
159,player,9,team A,0.4717,1031,402,1124,676,False
159,ball,,,0.0,917,633,954,670,True
160,player,5,team A,0.9396,988,701,1144,1051,False
160,player,15,team B,0.9327,1138,739,1317,1078,False
160,player,24,team A,0.9004,1120,474,1253,785,False
160,player,3,team B,0.7568,618,517,777,858,False
160,player,27,team B,0.6365,996,404,1107,676,False
160,player,28,team A,0.8751,923,445,1081,723,False
160,player,10,team A,0.4787,657,518,795,826,False
160,player,9,team A,0.4717,1033,401,1126,676,False
160,ball,,,0.0,935,617,973,654,True
161,player,5,team A,0.9431,993,700,1152,1047,False
161,player,15,team B,0.9469,1139,740,1325,1078,False
161,player,24,team A,0.9137,1121,473,1255,790,False
161,player,3,team B,0.8143,617,514,777,857,False
161,player,28,team A,0.9104,926,444,1083,724,False
161,player,10,team A,0.5335,651,540,789,837,False
161,player,9,team A,0.8353,1038,399,1132,676,False
161,ball,,,0.0,953,600,991,638,True
162,player,5,team A,0.9414,1003,699,1167,1046,False
162,player,15,team B,0.9559,1147,736,1342,1078,False
162,player,24,team A,0.9274,1124,467,1259,791,False
162,player,3,team B,0.8274,618,511,777,855,False
162,player,28,team A,0.931,927,442,1087,730,False
162,player,9,team A,0.9048,1046,391,1144,676,False
162,ball,,,0.1189,971,584,1010,622,False
163,player,5,team A,0.9413,1005,699,1173,1045,False
163,player,15,team B,0.9555,1148,734,1349,1078,False
163,player,24,team A,0.9272,1125,464,1260,792,False
163,player,3,team B,0.8272,619,510,777,854,False
163,player,28,team A,0.9311,929,442,1087,732,False
163,player,9,team A,0.9044,1048,389,1148,676,False
163,ball,,,0.1198,971,584,1010,622,False
164,player,5,team A,0.9478,1017,696,1190,1044,False
164,player,15,team B,0.9286,1169,731,1375,1078,False
164,player,24,team A,0.9184,1128,456,1263,791,False
164,player,3,team B,0.8254,619,505,779,855,False
164,player,28,team A,0.9394,929,441,1087,733,False
164,player,9,team A,0.8938,1061,380,1164,676,False
164,ball,,,0.3698,1006,542,1042,581,False
165,player,5,team A,0.9477,1020,695,1197,1044,False
165,player,15,team B,0.9285,1176,730,1385,1078,False
165,player,24,team A,0.9183,1130,452,1264,790,False
165,player,3,team B,0.8252,620,503,780,856,False
165,player,28,team A,0.9393,930,441,1086,733,False
165,player,9,team A,0.8936,1066,377,1170,676,False
165,ball,,,0.3695,1006,542,1042,581,False
166,player,5,team A,0.9523,1039,690,1219,1043,False
166,player,15,team B,0.9497,1196,723,1410,1078,False
166,player,24,team A,0.8884,1134,449,1266,791,False
166,player,3,team B,0.7334,619,497,773,839,False
166,player,28,team A,0.9377,927,440,1083,733,False
166,player,9,team A,0.8502,1078,375,1181,673,False
166,player,10,team A,0.8465,629,540,783,868,False
166,ball,,,0.4214,1048,519,1077,545,False
167,player,5,team A,0.9523,1045,688,1228,1043,False
167,player,15,team B,0.9497,1203,721,1418,1078,False
167,player,24,team A,0.8883,1136,448,1265,791,False
167,player,3,team B,0.7336,620,495,771,832,False
167,player,28,team A,0.9377,927,440,1081,733,False
167,player,9,team A,0.8499,1083,375,1184,672,False
167,player,10,team A,0.8465,628,539,784,870,False
167,ball,,,0.4205,1048,519,1077,545,False
168,player,5,team A,0.9434,1067,680,1251,1042,False
168,player,15,team B,0.9496,1225,715,1441,1079,False
168,player,24,team A,0.8264,1139,452,1268,800,False
168,player,3,team B,0.8286,618,495,768,832,False
168,player,28,team A,0.9479,922,437,1076,733,False
168,player,9,team A,0.6429,1095,380,1194,673,False
168,player,10,team A,0.8767,636,544,795,871,False
168,ball,,,0.1141,1075,485,1108,518,False
169,player,5,team A,0.9436,1076,677,1260,1041,False
169,player,15,team B,0.9497,1233,713,1449,1079,False
169,player,24,team A,0.8261,1141,454,1268,804,False
169,player,3,team B,0.8277,618,496,767,832,False
169,player,28,team A,0.9479,920,436,1073,733,False
169,player,9,team A,0.6573,1099,382,1197,673,False
169,player,10,team A,0.8773,638,546,800,871,False
169,ball,,,0.1151,1075,485,1108,518,False
170,player,5,team A,0.9401,1091,673,1274,1040,False
170,player,15,team B,0.9396,1249,713,1465,1078,False
170,player,24,team A,0.6961,1142,465,1268,814,False
170,player,3,team B,0.8829,614,501,763,835,False
170,player,28,team A,0.9391,915,435,1067,733,False
170,player,9,team A,0.5628,1110,394,1206,678,False
170,player,10,team A,0.8867,639,546,806,873,False
170,ball,,,0.6031,1109,458,1144,499,False
171,player,5,team A,0.94,1097,671,1278,1039,False
171,player,15,team B,0.9396,1256,713,1470,1078,False
171,player,24,team A,0.6948,1143,470,1268,818,False
171,player,3,team B,0.8827,613,504,761,836,False
171,player,28,team A,0.9388,913,435,1064,733,False
171,player,9,team A,0.5542,1114,398,1210,680,False
171,player,10,team A,0.8798,639,546,809,874,False
171,ball,,,0.5988,1109,458,1144,499,False
172,player,5,team A,0.9454,1102,670,1281,1039,False
172,player,15,team B,0.942,1272,713,1487,1078,False
172,player,24,team A,0.4807,1147,466,1276,825,False
172,player,3,team B,0.8899,613,510,760,841,False
172,player,28,team A,0.9357,913,433,1061,732,False
172,player,9,team A,0.528,1129,408,1221,680,False
172,player,10,team A,0.8527,638,542,814,878,False
172,ball,,,0.0,1119,451,1154,494,True
173,player,5,team A,0.9452,1105,670,1281,1039,False
173,player,15,team B,0.9419,1278,713,1492,1078,False
173,player,24,team A,0.4833,1149,464,1279,828,False
173,player,3,team B,0.8897,613,513,760,842,False
173,player,28,team A,0.9357,913,432,1060,732,False
173,player,9,team A,0.5276,1134,411,1225,680,False
173,player,10,team A,0.8525,638,540,816,880,False
173,ball,,,0.0,1130,444,1163,490,True
174,player,5,team A,0.9424,1108,670,1281,1039,False
174,player,15,team B,0.9478,1288,713,1502,1078,False
174,player,24,team A,0.5113,1155,461,1285,827,False
174,player,3,team B,0.898,614,514,761,842,False
174,player,28,team A,0.9383,915,432,1060,732,False
174,player,9,team A,0.5107,1141,414,1230,679,False
174,player,10,team A,0.8835,641,539,820,880,False
174,ball,,,0.218,1140,437,1173,485,False
175,player,5,team A,0.9365,1121,674,1291,1039,False
175,player,15,team B,0.9578,1299,718,1512,1078,False
175,player,24,team A,0.6392,1162,451,1274,763,False
175,player,3,team B,0.9014,619,511,766,840,False
175,player,28,team A,0.94,920,431,1063,732,False
175,player,9,team A,0.6001,1151,418,1239,680,False
175,player,10,team A,0.889,652,538,831,880,False
175,ball,,,0.4843,1144,430,1183,472,False
176,player,5,team A,0.936,1126,675,1293,1039,False
176,player,15,team B,0.9573,1302,719,1516,1078,False
176,player,24,team A,0.6374,1165,447,1270,737,False
176,player,3,team B,0.9006,620,511,769,840,False
176,player,28,team A,0.9397,923,431,1064,732,False
176,player,9,team A,0.5973,1154,420,1242,680,False
176,player,10,team A,0.8887,656,538,836,880,False
176,ball,,,0.497,1144,429,1183,472,False
177,player,5,team A,0.9338,1136,677,1298,1036,False
177,player,15,team B,0.9577,1321,721,1536,1078,False
177,player,24,team A,0.7639,1169,457,1269,732,False
177,player,3,team B,0.9108,631,505,780,834,False
177,player,28,team A,0.9366,927,430,1066,732,False
177,player,9,team A,0.511,1163,419,1251,679,False
177,player,10,team A,0.9025,680,535,861,879,False
177,ball,,,0.6167,1146,431,1184,470,False
178,player,5,team A,0.9338,1140,678,1299,1035,False
178,player,15,team B,0.9576,1327,721,1544,1078,False
178,player,24,team A,0.7639,1170,460,1269,730,False
178,player,3,team B,0.9108,635,503,784,832,False
178,player,28,team A,0.9365,930,430,1067,732,False
178,player,9,team A,0.5109,1167,419,1254,679,False
178,player,10,team A,0.9025,690,534,871,879,False
178,ball,,,0.6169,1146,431,1184,470,False
179,player,5,team A,0.9209,1160,675,1314,1029,False
179,player,15,team B,0.9484,1351,717,1570,1078,False
179,player,24,team A,0.7896,1173,469,1271,732,False
179,player,3,team B,0.9276,642,496,798,843,False
179,player,28,team A,0.9358,931,430,1066,732,False
179,player,9,team A,0.5524,1169,413,1259,683,False
179,player,10,team A,0.8895,714,531,894,879,False
179,ball,,,0.7933,1150,442,1190,479,False
180,player,5,team A,0.9189,1168,674,1319,1026,False
180,player,15,team B,0.9481,1360,715,1580,1078,False
180,player,24,team A,0.7911,1173,473,1272,732,False
180,player,3,team B,0.9274,645,494,803,847,False
180,player,28,team A,0.9362,932,431,1065,732,False
180,player,9,team A,0.5357,1170,411,1261,685,False
180,player,10,team A,0.8897,724,530,902,880,False
180,ball,,,0.7964,1150,442,1190,479,False
181,player,5,team A,0.9273,1184,672,1331,1026,False
181,player,15,team B,0.9482,1374,712,1594,1079,False
181,player,24,team A,0.7837,1175,476,1276,738,False
181,player,3,team B,0.93,650,491,810,850,False
181,player,28,team A,0.9368,933,431,1064,732,False
181,player,9,team A,0.7696,1172,409,1263,690,False
181,player,10,team A,0.9087,745,530,921,879,False
181,ball,,,0.8914,1152,451,1191,487,False
182,player,5,team A,0.9088,1203,666,1351,1033,False
182,player,15,team B,0.9226,1400,706,1618,1078,False
182,player,24,team A,0.7998,1170,484,1290,802,False
182,player,3,team B,0.9015,663,491,823,855,False
182,player,28,team A,0.9351,934,429,1065,731,False
182,player,9,team A,0.7776,1174,408,1267,698,False
182,player,10,team A,0.8988,757,530,931,880,False
182,ball,,,0.8777,1157,479,1196,512,False
183,player,5,team A,0.9209,1215,663,1363,1035,False
183,player,15,team B,0.9331,1411,701,1625,1078,False
183,player,24,team A,0.8386,1171,489,1297,828,False
183,player,3,team B,0.9191,674,494,833,859,False
183,player,28,team A,0.9416,937,428,1067,731,False
183,player,9,team A,0.8434,1176,408,1269,703,False
183,player,10,team A,0.9028,763,532,935,880,False
183,ball,,,0.9146,1158,490,1199,530,False
184,player,5,team A,0.919,1226,663,1373,1036,False
184,player,15,team B,0.934,1419,700,1630,1078,False
184,player,24,team A,0.8215,1175,491,1302,840,False
184,player,3,team B,0.9153,680,498,838,864,False
184,player,28,team A,0.9397,940,427,1070,731,False
184,player,9,team A,0.8062,1178,411,1270,707,False
184,player,10,team A,0.9014,768,531,938,876,False
184,ball,,,0.9343,1163,506,1203,546,False
185,player,5,team A,0.919,1230,663,1377,1037,False
185,player,15,team B,0.9333,1423,699,1630,1079,False
185,player,24,team A,0.824,1177,492,1303,845,False
185,player,3,team B,0.9149,683,500,839,865,False
185,player,28,team A,0.9393,941,426,1071,731,False
185,player,9,team A,0.8002,1179,412,1270,709,False
185,player,10,team A,0.9019,769,530,939,875,False
185,ball,,,0.9343,1162,506,1203,546,False
186,player,5,team A,0.9255,1241,668,1388,1038,False
186,player,15,team B,0.9143,1436,702,1642,1078,False
186,player,24,team A,0.8162,1183,511,1302,848,False
186,player,3,team B,0.9048,695,513,850,869,False
186,player,28,team A,0.9278,947,426,1077,730,False
186,player,9,team A,0.8471,1178,422,1267,712,False
186,player,10,team A,0.9109,775,519,953,878,False
186,ball,,,0.9532,1169,540,1209,580,False
187,player,5,team A,0.9254,1244,670,1392,1038,False
187,player,15,team B,0.9144,1441,703,1645,1078,False
187,player,24,team A,0.8157,1186,519,1301,849,False
187,player,3,team B,0.9049,698,518,855,871,False
187,player,28,team A,0.9277,950,426,1079,730,False
187,player,9,team A,0.8469,1177,426,1266,713,False
187,player,10,team A,0.911,777,514,959,879,False
187,ball,,,0.9532,1169,540,1209,580,False
188,player,5,team A,0.93,1247,673,1398,1038,False
188,player,15,team B,0.9355,1448,704,1653,1077,False
188,player,24,team A,0.8313,1192,541,1300,848,False
188,player,3,team B,0.9139,699,525,856,873,False
188,player,28,team A,0.922,954,425,1083,729,False
188,player,9,team A,0.8711,1177,431,1266,715,False
188,player,10,team A,0.9014,777,508,963,878,False
188,ball,,,0.8996,1173,556,1214,597,False
189,player,5,team A,0.9301,1247,674,1400,1038,False
189,player,15,team B,0.9361,1449,704,1655,1077,False
189,player,24,team A,0.8284,1195,549,1299,847,False
189,player,3,team B,0.9141,699,528,856,873,False
189,player,28,team A,0.9221,955,425,1084,729,False
189,player,9,team A,0.8708,1177,433,1266,716,False
189,player,10,team A,0.9013,777,505,965,878,False
189,ball,,,0.9009,1173,556,1214,597,False
190,player,5,team A,0.9308,1252,678,1409,1043,False
190,player,15,team B,0.9489,1456,708,1662,1077,False
190,player,24,team A,0.797,1198,564,1298,847,False
190,player,3,team B,0.9084,707,537,862,876,False
190,player,28,team A,0.9306,962,424,1090,728,False
190,player,9,team A,0.837,1177,437,1266,720,False
190,player,10,team A,0.8802,780,501,970,879,False
190,ball,,,0.1807,1177,589,1218,639,False
191,player,5,team A,0.9309,1252,680,1413,1044,False
191,player,15,team B,0.9489,1457,710,1665,1078,False
191,player,24,team A,0.7969,1199,569,1299,847,False
191,player,3,team B,0.9084,711,540,863,877,False
191,player,28,team A,0.9307,965,423,1092,727,False
191,player,9,team A,0.837,1177,439,1265,722,False
191,player,10,team A,0.8802,781,499,972,880,False
191,ball,,,0.1806,1177,589,1218,639,False
192,player,5,team A,0.9394,1254,682,1419,1048,False
192,player,15,team B,0.9474,1462,710,1672,1078,False
192,player,24,team A,0.857,1197,576,1297,851,False
192,player,3,team B,0.8918,721,544,870,877,False
192,player,28,team A,0.9322,970,422,1095,726,False
192,player,9,team A,0.7927,1173,438,1264,725,False
192,player,10,team A,0.7738,806,499,994,883,False
192,ball,,,0.3192,1175,603,1215,651,False
193,player,5,team A,0.94,1255,683,1425,1050,False
193,player,15,team B,0.9514,1469,711,1680,1078,False
193,player,24,team A,0.8765,1192,579,1293,856,False
193,player,3,team B,0.8915,732,547,877,877,False
193,player,28,team A,0.928,974,422,1098,727,False
193,player,9,team A,0.8024,1170,439,1261,728,False
193,player,10,team A,0.8202,819,500,1002,885,False
193,ball,,,0.4285,1169,611,1210,661,False
194,player,5,team A,0.9541,1257,682,1431,1051,False
194,player,15,team B,0.9541,1487,708,1699,1078,False
194,player,24,team A,0.8783,1184,578,1290,858,False
194,player,3,team B,0.918,736,551,879,884,False
194,player,28,team A,0.9334,974,421,1097,725,False
194,player,9,team A,0.6627,1175,440,1250,662,False
194,player,10,team A,0.9305,838,529,1006,886,False
194,ball,,,0.4794,1152,621,1194,669,False
195,player,5,team A,0.9541,1257,681,1433,1051,False
195,player,15,team B,0.9542,1494,707,1706,1078,False
195,player,24,team A,0.8729,1181,577,1289,859,False
195,player,3,team B,0.9187,738,552,879,887,False
195,player,28,team A,0.9331,974,421,1096,725,False
195,player,9,team A,0.6719,1176,440,1246,636,False
195,player,10,team A,0.9293,845,541,1007,886,False
195,ball,,,0.4676,1152,621,1194,668,False
196,player,5,team A,0.949,1259,679,1437,1051,False
196,player,15,team B,0.9523,1506,703,1717,1078,False
196,player,24,team A,0.8705,1178,572,1292,860,False
196,player,3,team B,0.9233,739,554,881,898,False
196,player,28,team A,0.9344,971,420,1093,725,False
196,player,9,team A,0.8149,1172,439,1244,629,False
196,player,10,team A,0.9188,848,543,1009,885,False
196,ball,,,0.7839,1142,625,1188,671,False
197,player,5,team A,0.9449,1262,677,1440,1051,False
197,player,15,team B,0.9561,1520,699,1728,1078,False
197,player,24,team A,0.8797,1176,568,1296,863,False
197,player,3,team B,0.9269,740,556,881,904,False
197,player,28,team A,0.9266,970,420,1091,724,False
197,player,9,team A,0.6894,1167,438,1242,626,False
197,player,10,team A,0.9059,858,542,1020,886,False
197,ball,,,0.6523,1132,627,1188,674,False
